Product_Name,Category,Date_Received,Expiration_Date,Stock_Quantity,Unit_Price,Sales_Volume,Inventory_Turnover_Rate,Shelf_Life,Invalid_Date_Flag,Food_Waste_kg
Bell Pepper,Fruits & Vegetables,2024-03-01,2025-01-31,46,4.6,96,55,336.0,False,0.0
Vegetable Oil,Oils & Fats,2024-04-01,2024-06-11,51,2.0,24,83,71.0,False,0.375
Parmesan Cheese,Dairy,2024-04-01,2024-04-08,38,12.0,35,24,7.0,False,0.375
Carrot,Fruits & Vegetables,2024-05-01,2024-09-26,51,1.5,44,95,148.0,False,0.04697986577181208
Garlic,Fruits & Vegetables,2024-05-01,2024-05-20,27,7.0,91,77,19.0,False,0.0
Lemon,Fruits & Vegetables,2024-05-01,2024-08-06,91,2.4,38,70,97.0,False,0.5408163265306122
Coconut Sugar,Grains & Pulses,2024-05-01,2024-03-30,17,5.0,76,89,0.0,True,0.0
Anchovies,Seafood,2024-06-01,2024-08-22,81,10.0,95,77,82.0,False,0.0
Cheese,Dairy,2024-06-01,2024-03-07,78,9.0,60,41,0.0,True,18.0
Yogurt,Dairy,2024-06-01,2024-10-25,55,1.7,62,26,146.0,False,0.0
Cheddar Cheese,Dairy,2024-06-01,2024-10-05,60,9.0,95,63,126.0,False,0.0
Avocado Oil,Oils & Fats,2024-07-01,2024-10-06,53,10.0,22,83,97.0,False,0.31632653061224486
Orange,Fruits & Vegetables,2024-08-01,2024-12-19,94,2.9,57,74,140.0,False,0.2624113475177305
Digestive Biscuit,Bakery,2024-09-01,2024-07-31,77,4.0,62,75,0.0,True,15.0
Cauliflower,Fruits & Vegetables,2024-09-01,2024-12-27,34,2.5,28,71,117.0,False,0.05084745762711865
Pear,Fruits & Vegetables,2024-09-01,2024-03-30,79,4.5,33,20,0.0,True,46.0
Egg (Turkey),Dairy,2024-10-01,2024-05-26,76,2.5,69,27,0.0,True,7.0
Ricotta Cheese,Dairy,2024-10-01,2024-07-31,50,6.2,88,70,0.0,True,0.0
Eggplant,Fruits & Vegetables,2024-10-01,2024-09-07,25,3.0,57,98,0.0,True,0.0
Whole Wheat Flour,Grains & Pulses,2024-10-01,2024-09-15,38,2.7,34,54,0.0,True,4.0
Arabica Coffee,Beverages,2024-11-01,2024-05-08,45,20.0,85,1,0.0,True,0.0
Sweet Potato,Fruits & Vegetables,2024-12-01,2024-11-18,49,2.0,97,95,0.0,True,0.0
Mango,Fruits & Vegetables,2024-03-02,2024-11-11,89,4.8,46,11,254.0,False,0.16862745098039217
Kale,Fruits & Vegetables,2024-03-02,2024-06-03,47,4.0,26,59,93.0,False,0.22340425531914893
Jasmine Rice,Grains & Pulses,2024-03-02,2024-03-06,53,4.75,100,94,4.0,False,0.0
Sourdough Bread,Bakery,2024-04-02,2024-10-17,65,4.0,100,9,198.0,False,0.0
Green Coffee,Beverages,2024-04-02,2024-10-30,90,12.0,81,26,211.0,False,0.04245283018867924
Arabica Coffee,Beverages,2024-04-02,2024-03-29,65,20.0,28,26,0.0,True,37.0
Tilapia,Seafood,2024-05-02,2024-07-11,30,7.0,48,23,70.0,False,0.0
Arborio Rice,Grains & Pulses,2024-05-02,2025-02-07,34,4.5,42,27,281.0,False,0.0
Bread Flour,Grains & Pulses,2024-05-02,2024-07-05,54,1.5,41,63,64.0,False,0.2
Cucumber,Fruits & Vegetables,2024-05-02,2024-10-16,67,1.8,81,77,167.0,False,0.0
Cheese,Dairy,2024-06-02,2024-09-08,50,9.2,60,72,98.0,False,0.0
Milk,Dairy,2024-06-02,2024-09-18,13,0.9,46,46,108.0,False,0.0
Lime,Fruits & Vegetables,2024-06-02,2024-04-19,18,2.0,54,45,0.0,True,0.0
Rice Flour,Grains & Pulses,2024-06-02,2024-09-05,24,2.0,98,82,95.0,False,0.0
Sourdough Bread,Bakery,2024-07-02,2024-05-14,40,4.5,54,29,0.0,True,0.0
Cheese,Dairy,2024-08-02,2024-03-20,53,9.0,56,95,0.0,True,0.0
Sour Cream,Dairy,2024-08-02,2024-12-14,11,4.0,84,4,134.0,False,0.0
Whole Wheat Bread,Bakery,2024-08-02,2024-12-27,17,3.5,93,26,147.0,False,0.0
Robusta Coffee,Beverages,2024-08-02,2024-09-01,14,10.0,32,24,30.0,False,0.0
Chocolate Biscuit,Bakery,2024-08-02,2024-07-19,100,5.0,47,79,0.0,True,53.0
Palm Oil,Oils & Fats,2024-08-02,2024-05-27,67,1.8,78,60,0.0,True,0.0
Anchovies,Seafood,2024-09-02,2025-02-15,60,10.0,34,48,166.0,False,0.15568862275449102
Sesame Oil,Oils & Fats,2024-09-02,2024-08-26,45,6.5,86,77,0.0,True,0.0
Lettuce,Fruits & Vegetables,2024-10-02,2024-04-06,58,2.0,53,80,0.0,True,5.0
Feta Cheese,Dairy,2024-10-02,2024-08-05,98,7.0,92,29,0.0,True,6.0
Apricot,Fruits & Vegetables,2024-12-02,2024-09-29,42,5.0,86,99,0.0,True,0.0
Peanut Oil,Oils & Fats,2024-12-02,2024-11-13,38,4.0,41,34,0.0,True,0.0
Olive Oil,Oils & Fats,2024-03-03,2024-12-13,36,6.0,74,8,285.0,False,0.0
Whole Wheat Flour,Grains & Pulses,2024-04-03,2024-09-06,67,2.75,30,6,156.0,False,0.2356687898089172
Egg (Duck),Dairy,2024-04-03,2024-03-21,37,1.0,90,89,0.0,True,0.0
Pineapple,Fruits & Vegetables,2024-04-03,2025-02-12,20,3.5,80,41,315.0,False,0.0
Jasmine Rice,Grains & Pulses,2024-04-03,2024-05-27,62,4.75,31,25,54.0,False,0.5636363636363636
Cucumber,Fruits & Vegetables,2024-05-03,2024-03-06,19,1.75,31,81,0.0,True,0.0
Trout,Seafood,2024-05-03,2025-01-09,29,12.0,85,52,251.0,False,0.0
Onion,Fruits & Vegetables,2024-05-03,2024-11-22,34,2.0,90,23,203.0,False,0.0
Cream,Dairy,2024-06-03,2024-03-21,92,2.5,72,96,0.0,True,20.0
Sardines,Seafood,2024-06-03,2024-07-18,33,6.0,98,56,45.0,False,0.0
Sourdough Bread,Bakery,2024-06-03,2024-08-05,12,4.5,75,92,63.0,False,0.0
Anchovies,Seafood,2024-06-03,2024-03-31,83,10.0,33,20,0.0,True,50.0
Peanut Oil,Oils & Fats,2024-06-03,2025-01-01,21,4.0,49,37,212.0,False,0.0
Plum,Fruits & Vegetables,2024-07-03,2024-10-05,37,4.0,62,25,94.0,False,0.0
Sushi Rice,Grains & Pulses,2024-07-03,2024-11-05,77,4.25,42,19,125.0,False,0.2777777777777778
Black Rice,Grains & Pulses,2024-08-03,2024-09-22,30,6.0,31,34,50.0,False,0.0
Wild Rice,Grains & Pulses,2024-08-03,2024-05-02,26,10.0,40,59,0.0,True,0.0
Wild Rice,Grains & Pulses,2024-08-03,2024-09-28,72,9.75,51,95,56.0,False,0.3684210526315789
Pomegranate,Fruits & Vegetables,2024-09-03,2024-07-31,59,6.0,47,18,0.0,True,12.0
Black Rice,Grains & Pulses,2024-10-03,2025-01-15,34,6.15,90,34,104.0,False,0.0
Cream,Dairy,2024-10-03,2024-08-26,82,2.4,48,31,0.0,True,34.0
Cabbage,Fruits & Vegetables,2024-10-03,2024-11-01,94,0.9,98,71,29.0,False,0.0
Sourdough Bread,Bakery,2024-11-03,2024-11-26,59,4.5,32,3,23.0,False,1.125
Carrot,Fruits & Vegetables,2024-11-03,2025-02-19,18,1.45,44,19,108.0,False,0.0
All-Purpose Flour,Grains & Pulses,2024-12-03,2024-09-05,55,1.75,34,62,0.0,True,21.0
Cheddar Cheese,Dairy,2024-12-03,2024-03-06,31,9.0,63,7,0.0,True,0.0
Green Coffee,Beverages,2024-03-04,2024-03-27,27,12.0,88,83,23.0,False,0.0
Whipped Cream,Dairy,2024-03-04,2024-09-08,76,4.0,65,68,188.0,False,0.0582010582010582
Plum,Fruits & Vegetables,2024-03-04,2024-06-24,40,4.0,45,69,112.0,False,0.0
Pineapple,Fruits & Vegetables,2024-04-04,2024-06-27,68,3.5,25,83,84.0,False,0.5058823529411764
Grapes,Fruits & Vegetables,2024-04-04,2025-01-01,59,5.5,74,16,272.0,False,0.0
Sunflower Oil,Oils & Fats,2024-05-04,2024-12-01,24,2.5,91,71,211.0,False,0.0
Lemon,Fruits & Vegetables,2024-05-04,2024-03-03,59,2.45,30,34,0.0,True,29.0
Lemon,Fruits & Vegetables,2024-06-04,2024-11-19,63,2.5,56,2,168.0,False,0.04142011834319526
Peanut Oil,Oils & Fats,2024-06-04,2024-03-28,57,4.0,56,32,0.0,True,1.0
Egg (Turkey),Dairy,2024-06-04,2025-01-03,39,2.5,26,44,213.0,False,0.06074766355140186
Short Grain Rice,Grains & Pulses,2024-07-04,2024-05-15,41,4.5,38,75,0.0,True,3.0
Tuna,Seafood,2024-07-04,2024-09-01,25,18.0,36,16,59.0,False,0.0
Cauliflower,Fruits & Vegetables,2024-07-04,2024-06-25,87,2.5,47,4,0.0,True,40.0
Onion,Fruits & Vegetables,2024-07-04,2024-10-15,20,2.0,51,78,103.0,False,0.0
Banana,Fruits & Vegetables,2024-09-04,2024-10-18,95,53.82,87,5,44.0,False,0.17777777777777778
Coconut,Fruits & Vegetables,2024-09-04,2024-05-21,56,5.0,42,53,0.0,True,14.0
Bread Flour,Grains & Pulses,2024-10-04,2024-05-30,96,1.5,81,89,0.0,True,15.0
Almond Flour,Grains & Pulses,2024-10-04,2024-05-28,76,9.5,24,53,0.0,True,52.0
Jasmine Rice,Grains & Pulses,2024-10-04,2024-07-23,17,4.75,58,27,0.0,True,0.0
Avocado Oil,Oils & Fats,2024-10-04,2024-07-01,14,10.0,65,62,0.0,True,0.0
Chocolate Biscuit,Bakery,2024-11-04,2025-01-26,96,5.0,45,68,83.0,False,0.6071428571428571
Black Rice,Grains & Pulses,2024-11-04,2024-04-22,30,6.3,61,13,0.0,True,0.0
Greek Yogurt,Dairy,2024-12-04,2025-01-08,91,3.0,56,90,35.0,False,0.9722222222222222
Peach,Fruits & Vegetables,2024-12-04,2025-02-23,47,4.0,36,48,81.0,False,0.13414634146341464
Chocolate Biscuit,Bakery,2024-03-05,2024-02-25,11,5.0,88,24,0.0,True,0.0
Plum,Fruits & Vegetables,2024-04-05,2024-05-06,95,4.0,69,5,31.0,False,0.8125
Sour Cream,Dairy,2024-04-05,2024-05-19,92,4.0,23,78,44.0,False,1.5333333333333334
Yogurt,Dairy,2024-04-05,2025-02-02,85,1.75,49,75,303.0,False,0.11842105263157894
Asparagus,Fruits & Vegetables,2024-04-05,2024-12-19,92,5.0,62,20,258.0,False,0.11583011583011583
Mushrooms,Fruits & Vegetables,2024-04-05,2024-10-28,24,6.0,85,17,206.0,False,0.0
Cream,Dairy,2024-04-05,2024-09-28,21,2.35,87,36,176.0,False,0.0
Anchovies,Seafood,2024-04-05,2025-01-24,64,10.0,49,15,294.0,False,0.05084745762711864
Black Tea,Beverages,2024-04-05,2024-11-21,35,4.7,39,62,230.0,False,0.0
Olive Oil,Oils & Fats,2024-05-05,2025-02-16,100,6.0,84,9,287.0,False,0.05555555555555555
White Tea,Beverages,2024-05-05,2024-08-10,91,25.0,63,15,97.0,False,0.2857142857142857
Vegetable Oil,Oils & Fats,2024-05-05,2024-06-20,18,2.0,25,81,46.0,False,0.0
White Rice,Grains & Pulses,2024-05-05,2025-02-24,80,1.8,46,69,295.0,False,0.11486486486486487
Long Grain Rice,Grains & Pulses,2024-06-05,2024-08-02,11,1.5,48,65,58.0,False,0.0
Chocolate Biscuit,Bakery,2024-06-05,2024-11-21,99,5.0,65,16,169.0,False,0.2
Peach,Fruits & Vegetables,2024-06-05,2024-06-16,40,4.0,92,50,11.0,False,0.0
Rye Bread,Bakery,2024-07-05,2024-04-08,69,3.0,98,50,0.0,True,0.0
Egg (Goose),Dairy,2024-07-05,2024-07-09,60,2.5,77,60,4.0,False,0.0
Brown Rice,Grains & Pulses,2024-07-05,2024-09-01,79,2.5,43,93,58.0,False,0.6101694915254238
Asparagus,Fruits & Vegetables,2024-08-05,2024-07-04,68,5.0,84,95,0.0,True,0.0
Sardines,Seafood,2024-09-05,2024-03-24,44,6.0,90,11,0.0,True,0.0
Black Coffee,Beverages,2024-09-05,2024-05-03,40,15.0,33,84,0.0,True,7.0
Brown Rice,Grains & Pulses,2024-09-05,2025-01-16,46,2.5,48,48,133.0,False,0.0
White Sugar,Grains & Pulses,2024-10-05,2024-12-23,24,2.0,20,20,79.0,False,0.05
Green Coffee,Beverages,2024-10-05,2024-08-16,29,12.0,28,40,0.0,True,1.0
Egg (Quail),Dairy,2024-11-05,2024-06-26,97,0.8,97,18,0.0,True,0.0
Herbal Tea,Beverages,2024-11-05,2024-06-23,77,30.0,25,37,0.0,True,52.0
Coconut Oil,Oils & Fats,2024-11-05,2024-04-21,33,5.0,60,25,0.0,True,0.0
Egg (Duck),Dairy,2024-11-05,2024-03-21,77,1.0,58,55,0.0,True,19.0
Buttermilk,Dairy,2024-11-05,2025-01-28,28,2.45,76,78,84.0,False,0.0
Tuna,Seafood,2024-11-05,2024-04-08,85,18.0,92,34,0.0,True,0.0
Mango,Fruits & Vegetables,2024-11-05,2024-09-17,73,5.0,50,67,0.0,True,23.0
Pomegranate,Fruits & Vegetables,2024-11-05,2024-12-18,88,6.0,72,88,43.0,False,0.36363636363636365
Evaporated Milk,Dairy,2024-11-05,2024-02-27,64,2.0,74,50,0.0,True,0.0
Robusta Coffee,Beverages,2024-12-05,2024-12-22,68,10.0,39,6,17.0,False,1.611111111111111
Cucumber,Fruits & Vegetables,2024-03-06,2025-01-21,85,1.8,64,38,321.0,False,0.06521739130434782
Powdered Sugar,Grains & Pulses,2024-03-06,2024-09-13,46,2.5,54,24,191.0,False,0.0
Cod,Seafood,2024-03-06,2024-03-24,72,8.0,54,38,18.0,False,0.9473684210526315
Long Grain Rice,Grains & Pulses,2024-04-06,2024-11-17,67,1.5,66,42,225.0,False,0.004424778761061947
Pear,Fruits & Vegetables,2024-04-06,2024-10-13,41,4.5,57,62,190.0,False,0.0
Cauliflower,Fruits & Vegetables,2024-04-06,2024-04-08,66,2.5,85,39,2.0,False,0.0
Black Coffee,Beverages,2024-04-06,2024-09-12,78,15.0,54,42,159.0,False,0.15000000000000002
Whole Wheat Flour,Grains & Pulses,2024-04-06,2025-02-05,86,2.75,52,91,305.0,False,0.11111111111111112
Egg (Goose),Dairy,2024-05-06,2025-02-13,90,2.5,51,87,283.0,False,0.13732394366197184
Wild Rice,Grains & Pulses,2024-05-06,2024-02-29,41,9.75,93,88,0.0,True,0.0
Black Rice,Grains & Pulses,2024-06-06,2024-07-08,11,6.2,49,34,32.0,False,0.0
Kiwi,Fruits & Vegetables,2024-07-06,2025-01-23,37,6.0,47,62,201.0,False,0.0
Lemon,Fruits & Vegetables,2024-07-06,2024-04-10,72,2.45,25,9,0.0,True,47.0
Haddock,Seafood,2024-07-06,2024-08-24,75,9.0,49,40,49.0,False,0.52
Arabica Coffee,Beverages,2024-07-06,2024-12-26,98,20.0,39,79,173.0,False,0.3390804597701149
Coconut Oil,Oils & Fats,2024-07-06,2024-08-31,90,5.0,55,64,56.0,False,0.6140350877192982
Tomato,Fruits & Vegetables,2024-07-06,2024-05-27,32,2.5,80,36,0.0,True,0.0
Gouda Cheese,Dairy,2024-08-06,2024-09-09,68,7.0,53,20,34.0,False,0.42857142857142855
Sushi Rice,Grains & Pulses,2024-09-06,2024-05-22,78,4.35,69,40,0.0,True,9.0
Spinach,Fruits & Vegetables,2024-09-06,2024-11-04,88,2.5,58,21,59.0,False,0.5
Chocolate Biscuit,Bakery,2024-10-06,2024-12-06,37,5.0,35,23,61.0,False,0.03225806451612903
Canola Oil,Oils & Fats,2024-10-06,2024-05-30,97,2.3,82,98,0.0,True,15.0
Milk,Dairy,2024-11-06,2024-04-21,12,1.0,31,88,0.0,True,0.0
All-Purpose Flour,Grains & Pulses,2024-11-06,2024-07-24,50,1.75,87,59,0.0,True,0.0
Basmati Rice,Grains & Pulses,2024-12-06,2024-09-14,15,4.5,68,74,0.0,True,0.0
Black Tea,Beverages,2024-12-06,2024-06-12,59,5.0,45,15,0.0,True,14.0
Brown Rice,Grains & Pulses,2024-12-06,2024-08-11,39,2.5,77,32,0.0,True,0.0
Lime,Fruits & Vegetables,2024-12-06,2024-08-16,76,2.0,77,70,0.0,True,0.0
Peach,Fruits & Vegetables,2024-12-06,2024-11-15,45,4.0,84,62,0.0,True,0.0
Oatmeal Biscuit,Bakery,2024-03-07,2024-04-26,41,5.0,50,99,50.0,False,0.0
Herbal Tea,Beverages,2024-03-07,2024-11-09,61,30.0,90,11,247.0,False,0.0
Mushrooms,Fruits & Vegetables,2024-04-07,2025-01-15,51,6.0,52,21,283.0,False,0.0
White Rice,Grains & Pulses,2024-04-07,2024-07-05,54,1.8,94,82,89.0,False,0.0
Lemon,Fruits & Vegetables,2024-04-07,2024-07-19,87,2.5,61,84,103.0,False,0.25
Canola Oil,Oils & Fats,2024-05-07,2024-06-09,46,2.3,47,25,33.0,False,0.0
White Sugar,Grains & Pulses,2024-05-07,2024-10-11,13,2.0,38,61,157.0,False,0.0
Grapes,Fruits & Vegetables,2024-06-07,2024-12-04,25,5.5,41,59,180.0,False,0.0
Kale,Fruits & Vegetables,2024-06-07,2024-04-11,60,4.0,21,29,0.0,True,39.0
Long Grain Rice,Grains & Pulses,2024-07-07,2024-04-30,69,1.5,34,22,0.0,True,35.0
Sushi Rice,Grains & Pulses,2024-07-07,2024-08-31,36,4.75,73,60,55.0,False,0.0
Whole Wheat Bread,Bakery,2024-07-07,2024-03-22,36,3.5,67,43,0.0,True,0.0
Kale,Fruits & Vegetables,2024-08-07,2024-10-18,79,4.0,80,26,72.0,False,0.0
Egg (Turkey),Dairy,2024-09-07,2024-10-17,63,2.35,78,100,40.0,False,0.0
Green Beans,Fruits & Vegetables,2024-09-07,2024-11-03,26,2.0,36,10,57.0,False,0.0
Spinach,Fruits & Vegetables,2024-10-07,2024-06-22,72,2.5,82,32,0.0,True,0.0
Apricot,Fruits & Vegetables,2024-10-07,2024-05-08,38,5.0,33,62,0.0,True,5.0
Oatmeal Biscuit,Bakery,2024-11-07,2024-05-09,82,5.0,21,58,0.0,True,61.0
Wild Rice,Grains & Pulses,2024-11-07,2024-08-25,19,10.0,62,100,0.0,True,0.0
Whole Wheat Bread,Bakery,2024-12-07,2024-03-19,58,3.5,98,69,0.0,True,0.0
Whipped Cream,Dairy,2024-03-08,2024-05-23,98,4.1,89,80,76.0,False,0.1168831168831169
Apple,Fruits & Vegetables,2024-03-08,2024-09-25,44,3.5,41,61,201.0,False,0.01485148514851485
Peas,Fruits & Vegetables,2024-03-08,2024-10-17,100,3.0,86,70,223.0,False,0.0625
Robusta Coffee,Beverages,2024-04-08,2024-03-26,62,10.0,62,97,0.0,True,0.0
Tomato,Fruits & Vegetables,2024-04-08,2024-04-02,84,2.5,86,64,0.0,True,0.0
Cottage Cheese,Dairy,2024-04-08,2024-04-05,68,4.8,90,2,0.0,True,0.0
Pineapple,Fruits & Vegetables,2024-05-08,2025-02-17,55,3.5,81,19,285.0,False,0.0
Multigrain Bread,Bakery,2024-05-08,2025-02-02,87,3.2,73,44,270.0,False,0.05166051660516605
Almond Flour,Grains & Pulses,2024-05-08,2024-05-13,12,9.5,56,6,5.0,False,0.0
Cauliflower,Fruits & Vegetables,2024-06-08,2025-02-04,95,2.48,92,72,241.0,False,0.012396694214876033
Mango,Fruits & Vegetables,2024-06-08,2024-12-10,84,5.0,30,68,185.0,False,0.2903225806451613
Black Rice,Grains & Pulses,2024-07-08,2024-06-23,68,6.0,37,31,0.0,True,31.0
Black Coffee,Beverages,2024-07-08,2025-02-11,11,15.0,89,4,218.0,False,0.0
Palm Oil,Oils & Fats,2024-07-08,2024-08-20,44,1.8,46,4,43.0,False,0.0
Orange,Fruits & Vegetables,2024-07-08,2024-11-11,36,3.0,25,60,126.0,False,0.08661417322834646
Peach,Fruits & Vegetables,2024-07-08,2025-02-13,94,4.0,24,20,220.0,False,0.31674208144796384
Powdered Sugar,Grains & Pulses,2024-08-08,2024-12-28,68,2.5,69,1,142.0,False,0.0
Tilapia,Seafood,2024-08-08,2024-07-05,78,7.0,63,100,0.0,True,15.0
Banana,Fruits & Vegetables,2024-08-08,2024-12-09,82,15.31,77,27,123.0,False,0.04032258064516129
Sushi Rice,Grains & Pulses,2024-08-08,2024-04-14,22,4.25,64,7,0.0,True,0.0
Arabica Coffee,Beverages,2024-09-08,2025-01-15,62,20.0,23,11,129.0,False,0.30000000000000004
Evaporated Milk,Dairy,2024-09-08,2024-02-29,70,2.0,24,54,0.0,True,46.0
Bread Flour,Grains & Pulses,2024-10-08,2025-02-22,21,1.5,38,73,137.0,False,0.0
Pear,Fruits & Vegetables,2024-10-08,2025-01-19,61,4.5,24,92,103.0,False,0.3557692307692308
Asparagus,Fruits & Vegetables,2024-10-08,2024-04-01,46,4.8,59,79,0.0,True,0.0
Jasmine Rice,Grains & Pulses,2024-10-08,2024-09-25,20,4.75,78,1,0.0,True,0.0
Sweet Potato,Fruits & Vegetables,2024-10-08,2024-08-17,80,2.0,98,13,0.0,True,0.0
Whipped Cream,Dairy,2024-11-08,2024-09-07,29,4.0,60,96,0.0,True,0.0
Apple,Fruits & Vegetables,2024-11-08,2025-01-12,43,3.5,39,77,65.0,False,0.06060606060606061
Sunflower Oil,Oils & Fats,2024-11-08,2024-04-03,23,2.5,91,86,0.0,True,0.0
Long Grain Rice,Grains & Pulses,2024-12-08,2024-04-17,12,1.5,95,99,0.0,True,0.0
White Tea,Beverages,2024-12-08,2024-03-17,99,25.0,93,70,0.0,True,6.0
Grapes,Fruits & Vegetables,2024-12-08,2024-04-20,37,5.5,34,23,0.0,True,3.0
Basmati Rice,Grains & Pulses,2024-12-08,2024-04-04,26,4.4,54,46,0.0,True,0.0
Egg (Quail),Dairy,2024-12-08,2024-09-20,94,0.8,100,42,0.0,True,0.0
Egg (Goose),Dairy,2024-03-09,2024-06-22,43,2.5,48,98,105.0,False,0.0
Digestive Biscuit,Bakery,2024-03-09,2025-02-13,34,4.0,78,20,341.0,False,0.0
Cabbage,Fruits & Vegetables,2024-04-09,2024-08-12,88,1.0,73,63,125.0,False,0.11904761904761904
Plum,Fruits & Vegetables,2024-04-09,2024-12-03,22,4.0,70,39,238.0,False,0.0
Potato,Fruits & Vegetables,2024-05-09,2024-05-24,26,1.2,84,70,15.0,False,0.0
Haddock,Seafood,2024-06-09,2024-04-17,93,9.0,78,87,0.0,True,15.0
Cabbage,Fruits & Vegetables,2024-06-09,2024-11-10,12,1.0,25,23,154.0,False,0.0
Evaporated Milk,Dairy,2024-06-09,2024-04-10,23,2.0,68,76,0.0,True,0.0
Chocolate Biscuit,Bakery,2024-07-09,2025-02-20,75,5.0,69,38,226.0,False,0.026431718061674013
Sourdough Bread,Bakery,2024-07-09,2024-07-12,22,4.2,62,3,3.0,False,0.0
Grapes,Fruits & Vegetables,2024-07-09,2024-09-30,87,5.5,22,38,83.0,False,0.7738095238095237
Eggplant,Fruits & Vegetables,2024-08-09,2024-07-31,74,3.0,82,12,0.0,True,0.0
Halibut,Seafood,2024-08-09,2024-07-25,47,20.0,61,44,0.0,True,0.0
Salmon,Seafood,2024-08-09,2024-04-04,98,15.0,21,61,0.0,True,77.0
Broccoli,Fruits & Vegetables,2024-08-09,2024-08-16,35,4.0,90,30,7.0,False,0.0
Grapes,Fruits & Vegetables,2024-08-09,2024-12-28,30,5.5,63,98,141.0,False,0.0
Pomegranate,Fruits & Vegetables,2024-09-09,2024-09-12,19,6.0,59,53,3.0,False,0.0
Bread Flour,Grains & Pulses,2024-10-09,2024-12-22,34,1.5,49,25,74.0,False,0.0
Cheddar Cheese,Dairy,2024-10-09,2024-10-30,40,9.0,40,48,21.0,False,0.0
Brown Rice,Grains & Pulses,2024-10-09,2024-05-03,89,2.5,64,63,0.0,True,25.0
Gouda Cheese,Dairy,2024-10-09,2025-02-03,71,7.0,77,58,117.0,False,0.0
Feta Cheese,Dairy,2024-11-09,2025-02-24,91,7.0,32,65,107.0,False,0.5462962962962963
Corn Oil,Oils & Fats,2024-12-09,2024-09-09,20,2.5,86,61,0.0,True,0.0
Bell Pepper,Fruits & Vegetables,2024-03-10,2024-07-12,96,4.45,74,100,124.0,False,0.176
Whipped Cream,Dairy,2024-03-10,2025-01-30,14,4.0,90,14,326.0,False,0.0
White Sugar,Grains & Pulses,2024-03-10,2024-05-10,42,2.0,80,8,61.0,False,0.0
Green Beans,Fruits & Vegetables,2024-03-10,2024-08-17,31,2.1,55,70,160.0,False,0.0
Powdered Sugar,Grains & Pulses,2024-03-10,2024-05-23,47,2.5,22,81,74.0,False,0.33333333333333337
Canola Oil,Oils & Fats,2024-04-10,2024-08-20,79,2.3,92,13,132.0,False,0.0
Halibut,Seafood,2024-04-10,2024-09-13,18,20.0,57,95,156.0,False,0.0
Halibut,Seafood,2024-04-10,2025-01-08,82,20.0,66,74,273.0,False,0.058394160583941604
Cheddar Cheese,Dairy,2024-04-10,2025-02-09,36,9.0,30,84,305.0,False,0.0196078431372549
Avocado Oil,Oils & Fats,2024-04-10,2024-03-28,24,10.0,99,1,0.0,True,0.0
Anchovies,Seafood,2024-05-10,2024-09-14,88,10.0,98,86,127.0,False,0.0
Evaporated Milk,Dairy,2024-05-10,2024-03-04,23,2.0,63,26,0.0,True,0.0
Mango,Fruits & Vegetables,2024-06-10,2024-07-25,61,5.2,74,35,45.0,False,0.0
Bell Pepper,Fruits & Vegetables,2024-06-10,2024-09-19,89,4.5,38,96,101.0,False,0.5
Strawberries,Fruits & Vegetables,2024-07-10,2024-07-29,58,5.9,52,81,19.0,False,0.30000000000000004
Grapes,Fruits & Vegetables,2024-07-10,2024-10-10,38,5.5,59,8,92.0,False,0.0
Spinach,Fruits & Vegetables,2024-08-10,2024-05-09,45,2.45,25,39,0.0,True,20.0
Green Tea,Beverages,2024-08-10,2024-03-19,26,8.0,92,49,0.0,True,0.0
Swiss Cheese,Dairy,2024-09-10,2024-07-01,49,8.0,78,61,0.0,True,0.0
Green Beans,Fruits & Vegetables,2024-09-10,2024-10-29,31,2.0,71,46,49.0,False,0.0
Cherry,Fruits & Vegetables,2024-09-10,2024-06-11,57,8.0,44,57,0.0,True,13.0
Sourdough Bread,Bakery,2024-10-10,2024-09-29,12,4.0,75,86,0.0,True,0.0
Plum,Fruits & Vegetables,2024-10-10,2024-10-10,64,3.9,60,67,0.0,False,4.0
Tomato,Fruits & Vegetables,2024-10-10,2024-12-25,11,2.5,93,53,76.0,False,0.0
Jasmine Rice,Grains & Pulses,2024-10-10,2024-11-10,46,4.75,36,54,31.0,False,0.3125
Zucchini,Fruits & Vegetables,2024-11-10,2024-10-01,89,2.5,27,51,0.0,True,62.0
Digestive Biscuit,Bakery,2024-11-10,2025-01-03,72,4.0,85,30,54.0,False,0.0
Butter Biscuit,Bakery,2024-12-10,2024-08-30,38,6.0,67,100,0.0,True,0.0
Black Rice,Grains & Pulses,2024-12-10,2024-05-17,79,6.0,26,21,0.0,True,53.0
Black Tea,Beverages,2024-12-10,2024-04-19,56,5.0,52,46,0.0,True,4.0
Strawberries,Fruits & Vegetables,2024-03-11,2024-06-14,54,6.0,63,97,95.0,False,0.0
Eggplant,Fruits & Vegetables,2024-03-11,2024-04-26,91,3.0,42,93,46.0,False,1.0425531914893618
Pear,Fruits & Vegetables,2024-04-11,2024-08-08,82,4.45,30,78,119.0,False,0.43333333333333335
Egg (Chicken),Dairy,2024-04-11,2024-05-26,36,0.2,68,88,45.0,False,0.0
Short Grain Rice,Grains & Pulses,2024-04-11,2024-07-29,22,3.0,68,46,109.0,False,0.0
Sunflower Oil,Oils & Fats,2024-05-11,2024-04-17,87,2.5,83,3,0.0,True,4.0
Orange,Fruits & Vegetables,2024-05-11,2024-08-04,44,2.95,42,66,85.0,False,0.023255813953488372
Cod,Seafood,2024-05-11,2024-08-20,96,8.0,97,92,101.0,False,0.0
Onion,Fruits & Vegetables,2024-06-11,2024-10-28,39,2.0,60,2,139.0,False,0.0
Peach,Fruits & Vegetables,2024-06-11,2024-09-03,15,4.0,37,67,84.0,False,0.0
Zucchini,Fruits & Vegetables,2024-06-11,2024-03-10,52,2.5,36,100,0.0,True,16.0
Coconut,Fruits & Vegetables,2024-06-11,2024-06-06,16,5.0,21,29,0.0,True,0.0
Avocado Oil,Oils & Fats,2024-06-11,2024-04-30,30,10.0,22,78,0.0,True,8.0
Sushi Rice,Grains & Pulses,2024-07-11,2025-02-16,75,4.5,43,18,220.0,False,0.14479638009049775
White Bread,Bakery,2024-07-11,2024-05-06,30,2.5,97,88,0.0,True,0.0
Broccoli,Fruits & Vegetables,2024-07-11,2024-05-01,79,4.0,67,63,0.0,True,12.0
Long Grain Rice,Grains & Pulses,2024-08-11,2024-05-26,71,1.5,66,43,0.0,True,5.0
Pineapple,Fruits & Vegetables,2024-08-11,2024-09-27,65,3.5,25,13,47.0,False,0.8333333333333333
Sesame Oil,Oils & Fats,2024-08-11,2024-06-04,100,6.5,77,57,0.0,True,23.0
Tuna,Seafood,2024-09-11,2024-03-30,58,18.0,25,17,0.0,True,33.0
Watermelon,Fruits & Vegetables,2024-09-11,2024-12-03,75,3.0,90,42,83.0,False,0.0
Cheese,Dairy,2024-09-11,2024-06-13,69,9.2,28,56,0.0,True,41.0
Robusta Coffee,Beverages,2024-09-11,2024-02-25,59,10.3,90,94,0.0,True,0.0
Oatmeal Biscuit,Bakery,2024-10-11,2024-11-15,34,5.0,77,85,35.0,False,0.0
Canola Oil,Oils & Fats,2024-10-11,2024-12-30,19,2.3,33,38,80.0,False,0.0
Gouda Cheese,Dairy,2024-11-11,2024-07-02,97,7.0,43,40,0.0,True,54.0
Buttermilk,Dairy,2024-11-11,2024-03-28,70,2.5,47,77,0.0,True,23.0
White Tea,Beverages,2024-12-11,2024-05-18,36,25.0,35,68,0.0,True,1.0
Sunflower Oil,Oils & Fats,2024-12-11,2024-12-09,88,2.5,25,28,0.0,True,63.0
Orange,Fruits & Vegetables,2024-12-11,2024-08-29,75,3.0,96,65,0.0,True,0.0
Green Coffee,Beverages,2024-03-12,2024-11-28,62,12.0,35,36,261.0,False,0.10305343511450381
Cauliflower,Fruits & Vegetables,2024-03-12,2024-06-12,19,2.45,70,48,92.0,False,0.0
Egg (Goose),Dairy,2024-04-12,2024-07-04,35,2.5,95,91,83.0,False,0.0
Swiss Cheese,Dairy,2024-05-12,2024-05-17,50,8.0,42,1,5.0,False,1.3333333333333333
Cod,Seafood,2024-05-12,2024-05-30,65,8.0,56,94,18.0,False,0.47368421052631576
Black Tea,Beverages,2024-05-12,2024-06-24,18,5.3,65,100,43.0,False,0.0
Vanilla Biscuit,Bakery,2024-05-12,2024-08-14,89,5.5,83,25,94.0,False,0.06315789473684211
Mushrooms,Fruits & Vegetables,2024-06-12,2024-09-08,34,6.2,58,36,88.0,False,0.0
Bread Flour,Grains & Pulses,2024-06-12,2024-04-18,87,1.5,58,21,0.0,True,29.0
Canola Oil,Oils & Fats,2024-06-12,2025-01-04,53,2.3,83,77,206.0,False,0.0
Basmati Rice,Grains & Pulses,2024-07-12,2025-01-28,56,4.5,69,69,200.0,False,0.0
Kiwi,Fruits & Vegetables,2024-07-12,2024-11-21,38,5.7,53,87,132.0,False,0.0
Papaya,Fruits & Vegetables,2024-07-12,2024-08-22,97,4.5,53,31,41.0,False,1.0476190476190474
Trout,Seafood,2024-08-12,2024-11-19,91,11.5,81,85,99.0,False,0.1
Asparagus,Fruits & Vegetables,2024-09-12,2025-01-26,22,5.0,98,60,136.0,False,0.0
White Bread,Bakery,2024-09-12,2024-12-25,78,2.5,89,24,104.0,False,0.0
Watermelon,Fruits & Vegetables,2024-10-12,2025-01-28,23,3.0,92,72,108.0,False,0.0
Asparagus,Fruits & Vegetables,2024-10-12,2024-06-01,78,4.7,25,96,0.0,True,53.0
Sweet Potato,Fruits & Vegetables,2024-10-12,2024-08-04,95,2.0,61,4,0.0,True,34.0
Ricotta Cheese,Dairy,2024-12-12,2024-04-16,49,6.0,38,11,0.0,True,11.0
Plum,Fruits & Vegetables,2024-12-12,2024-07-19,26,4.0,47,35,0.0,True,0.0
Onion,Fruits & Vegetables,2024-12-12,2024-06-05,50,2.0,40,13,0.0,True,10.0
Sesame Oil,Oils & Fats,2024-12-12,2024-07-01,50,6.5,53,73,0.0,True,0.0
Jasmine Rice,Grains & Pulses,2025-02-01,2024-12-07,91,4.75,51,49,0.0,True,40.0
Cod,Seafood,2025-02-01,2024-03-24,23,8.0,63,5,0.0,True,0.0
Cheese,Dairy,2025-02-01,2024-05-06,76,9.5,60,49,0.0,True,16.0
Evaporated Milk,Dairy,2025-02-01,2025-02-14,15,1.9,71,21,13.0,False,0.0
Salmon,Seafood,2025-02-01,2024-05-17,79,15.0,42,46,0.0,True,37.0
Sour Cream,Dairy,2025-02-01,2024-10-08,22,4.1,45,87,0.0,True,0.0
Cottage Cheese,Dairy,2025-01-02,2024-11-28,37,5.0,68,99,0.0,True,0.0
Tuna,Seafood,2025-01-02,2024-05-04,25,18.0,31,36,0.0,True,0.0
Haddock,Seafood,2025-01-02,2025-02-09,11,9.0,86,91,38.0,False,0.0
Butter,Dairy,2025-01-03,2024-03-31,21,3.1,64,69,0.0,True,0.0
Egg (Quail),Dairy,2025-01-03,2024-07-17,34,0.8,96,30,0.0,True,0.0
Egg (Goose),Dairy,2025-02-03,2025-02-05,44,2.5,21,91,2.0,False,7.666666666666666
Orange,Fruits & Vegetables,2025-02-03,2024-03-19,88,2.9,63,35,0.0,True,25.0
Black Coffee,Beverages,2025-02-03,2024-03-03,61,15.0,67,6,0.0,True,0.0
Heavy Cream,Dairy,2025-02-03,2024-09-01,12,4.0,20,35,0.0,True,0.0
Onion,Fruits & Vegetables,2025-02-03,2024-12-19,98,2.0,46,9,0.0,True,52.0
Arabica Coffee,Beverages,2025-01-04,2024-03-06,46,20.0,59,65,0.0,True,0.0
Cheese,Dairy,2025-01-04,2025-02-06,88,9.0,56,14,33.0,False,0.9411764705882353
Egg (Goose),Dairy,2025-01-04,2025-02-08,88,2.5,54,100,35.0,False,0.9444444444444444
Sourdough Bread,Bakery,2025-01-04,2024-09-27,94,4.0,47,96,0.0,True,47.0
Black Rice,Grains & Pulses,2025-01-04,2024-03-13,18,6.0,85,97,0.0,True,0.0
Bell Pepper,Fruits & Vegetables,2025-01-04,2024-09-17,94,4.5,44,49,0.0,True,50.0
Orange,Fruits & Vegetables,2025-02-04,2024-04-23,41,3.0,88,92,0.0,True,0.0
Cream,Dairy,2025-01-05,2024-05-25,18,2.5,78,4,0.0,True,0.0
Green Beans,Fruits & Vegetables,2025-01-05,2024-10-13,19,2.0,51,79,0.0,True,0.0
Black Rice,Grains & Pulses,2025-01-05,2025-01-18,98,6.35,70,75,13.0,False,2.0
Powdered Sugar,Grains & Pulses,2025-02-05,2024-08-08,21,2.5,37,41,0.0,True,0.0
Butter Biscuit,Bakery,2025-02-05,2024-05-27,74,6.0,51,67,0.0,True,23.0
White Rice,Grains & Pulses,2025-01-06,2024-05-06,20,1.8,62,69,0.0,True,0.0
Mushrooms,Fruits & Vegetables,2025-01-06,2024-11-09,35,6.5,88,6,0.0,True,0.0
Papaya,Fruits & Vegetables,2025-01-06,2024-07-25,81,4.3,23,96,0.0,True,58.0
Heavy Cream,Dairy,2025-01-06,2024-09-09,85,4.2,65,58,0.0,True,20.0
Black Tea,Beverages,2025-01-06,2024-03-30,45,5.0,90,67,0.0,True,0.0
Kiwi,Fruits & Vegetables,2025-02-06,2024-07-03,47,6.0,70,20,0.0,True,0.0
Butter Biscuit,Bakery,2025-02-06,2024-06-23,12,6.0,72,16,0.0,True,0.0
White Tea,Beverages,2025-01-07,2024-03-29,20,25.0,73,6,0.0,True,0.0
Blueberries,Fruits & Vegetables,2025-01-07,2024-05-06,87,10.0,55,100,0.0,True,32.0
Chocolate Biscuit,Bakery,2025-01-07,2024-09-01,23,5.0,97,38,0.0,True,0.0
Orange,Fruits & Vegetables,2025-02-07,2024-12-13,92,3.1,79,1,0.0,True,13.0
Egg (Chicken),Dairy,2025-02-07,2024-11-14,22,0.2,33,68,0.0,True,0.0
Jasmine Rice,Grains & Pulses,2025-02-07,2024-05-17,26,4.75,75,12,0.0,True,0.0
Greek Yogurt,Fruits & Vegetables,2025-01-08,2024-07-13,62,51.17,92,37,0.0,True,0.0
Bread Flour,Grains & Pulses,2025-01-08,2024-11-22,84,1.5,83,95,0.0,True,1.0
Pomegranate,Fruits & Vegetables,2025-01-08,2024-09-09,81,6.0,94,10,0.0,True,0.0
Haddock,Seafood,2025-01-08,2024-06-09,61,9.0,34,76,0.0,True,27.0
Cheddar Cheese,Dairy,2025-02-08,2025-01-17,70,9.0,63,84,0.0,True,7.0
Ricotta Cheese,Dairy,2025-01-09,2024-04-25,49,6.0,70,38,0.0,True,0.0
Green Coffee,Beverages,2025-01-09,2024-11-02,20,12.0,38,51,0.0,True,0.0
Jasmine Rice,Grains & Pulses,2025-01-09,2024-04-15,50,4.75,52,75,0.0,True,0.0
Zucchini,Fruits & Vegetables,2025-01-09,2024-10-16,63,2.5,35,16,0.0,True,28.0
Green Beans,Fruits & Vegetables,2025-01-09,2024-04-23,42,2.0,39,57,0.0,True,3.0
Grapes,Fruits & Vegetables,2025-02-09,2025-02-20,22,5.5,34,26,11.0,False,0.0
Papaya,Fruits & Vegetables,2025-02-09,2024-12-14,84,4.4,54,32,0.0,True,30.0
Egg (Quail),Dairy,2025-02-09,2024-09-17,93,0.8,30,37,0.0,True,63.0
Multigrain Bread,Bakery,2025-01-10,2024-09-17,46,3.5,68,59,0.0,True,0.0
Blueberries,Fruits & Vegetables,2025-01-10,2024-04-12,42,10.0,37,53,0.0,True,5.0
Whole Wheat Bread,Bakery,2025-01-10,2024-06-03,91,3.5,74,57,0.0,True,17.0
Mozzarella Cheese,Dairy,2025-02-10,2024-10-02,16,7.2,56,28,0.0,True,0.0
Ricotta Cheese,Dairy,2025-02-10,2025-01-22,91,6.0,50,5,0.0,True,41.0
Pomegranate,Fruits & Vegetables,2025-02-10,2024-12-02,26,6.0,82,8,0.0,True,0.0
Kiwi,Fruits & Vegetables,2025-01-11,2024-05-10,63,5.8,20,100,0.0,True,43.0
Egg (Goose),Dairy,2025-01-11,2024-05-12,50,2.45,78,79,0.0,True,0.0
Multigrain Bread,Bakery,2025-02-11,2024-12-19,93,3.25,56,72,0.0,True,37.0
Lettuce,Fruits & Vegetables,2025-01-12,2024-06-28,88,2.0,25,36,0.0,True,63.0
Grapes,Fruits & Vegetables,2025-02-12,2024-04-19,54,5.5,81,77,0.0,True,0.0
Yogurt,Dairy,2025-02-12,2024-08-03,86,1.75,83,82,0.0,True,3.0
Cauliflower,Fruits & Vegetables,2025-01-13,2024-05-30,48,2.55,52,97,0.0,True,0.0
Sesame Oil,Oils & Fats,2025-01-13,2024-11-25,89,6.5,39,25,0.0,True,50.0
Bread Flour,Grains & Pulses,2025-01-14,2025-01-07,97,1.5,35,16,0.0,True,62.0
Haddock,Seafood,2025-01-14,2024-03-09,84,9.0,60,38,0.0,True,24.0
Canola Oil,Oils & Fats,2025-01-14,2024-05-29,69,2.3,79,75,0.0,True,0.0
Asparagus,Fruits & Vegetables,2025-01-14,2024-09-16,80,5.0,26,71,0.0,True,54.0
Lettuce,Fruits & Vegetables,2025-01-15,2024-06-12,22,2.0,62,78,0.0,True,0.0
Cucumber,Fruits & Vegetables,2025-01-16,2024-03-04,28,1.8,33,9,0.0,True,0.0
Blueberries,Fruits & Vegetables,2025-01-17,2024-04-15,23,10.0,40,15,0.0,True,0.0
Bell Pepper,Fruits & Vegetables,2025-01-17,2025-02-24,26,4.4,73,20,38.0,False,0.0
Cheddar Cheese,Dairy,2025-01-17,2025-01-28,85,8.9,57,41,11.0,False,2.333333333333333
Mozzarella Cheese,Dairy,2025-01-17,2024-09-23,55,7.2,48,17,0.0,True,7.0
Evaporated Milk,Dairy,2025-01-18,2024-10-05,72,2.0,52,14,0.0,True,20.0
Swiss Cheese,Dairy,2025-01-19,2024-06-17,29,8.0,59,52,0.0,True,0.0
Cucumber,Fruits & Vegetables,2025-01-19,2024-03-31,47,1.75,49,19,0.0,True,0.0
Potato,Fruits & Vegetables,2025-01-19,2024-03-01,42,1.2,43,96,0.0,True,0.0
Eggplant,Fruits & Vegetables,2025-01-19,2024-10-13,97,3.0,22,90,0.0,True,75.0
Greek Yogurt,Dairy,2025-01-20,2024-12-15,90,3.0,70,83,0.0,True,20.0
Apple,Fruits & Vegetables,2025-01-20,2025-01-12,81,3.5,42,23,0.0,True,39.0
Short Grain Rice,Grains & Pulses,2025-01-21,2024-08-24,60,3.0,47,9,0.0,True,13.0
Kiwi,Fruits & Vegetables,2025-01-21,2025-02-15,45,6.0,44,34,25.0,False,0.038461538461538464
Yogurt,Dairy,2025-01-21,2024-12-22,92,1.75,50,67,0.0,True,42.0
Mackerel,Seafood,2025-01-21,2024-03-14,76,7.5,31,47,0.0,True,45.0
Sunflower Oil,Oils & Fats,2025-01-21,2024-04-28,80,2.5,98,38,0.0,True,0.0
Lime,Fruits & Vegetables,2025-01-22,2024-03-10,21,2.0,43,54,0.0,True,0.0
Sushi Rice,Grains & Pulses,2025-01-22,2024-06-01,84,4.5,39,69,0.0,True,45.0
Watermelon,Fruits & Vegetables,2025-01-22,2024-05-26,58,3.0,71,30,0.0,True,0.0
Green Tea,Beverages,2025-01-23,2024-11-23,34,8.0,97,47,0.0,True,0.0
Almond Flour,Grains & Pulses,2025-01-23,2025-02-08,54,9.5,60,20,16.0,False,0.0
Corn Oil,Oils & Fats,2025-01-25,2024-11-21,17,2.5,23,46,0.0,True,0.0
Black Coffee,Beverages,2025-01-26,2024-07-22,84,15.0,25,34,0.0,True,59.0
Sardines,Seafood,2025-01-26,2024-03-06,73,6.0,22,47,0.0,True,51.0
Parmesan Cheese,Dairy,2025-01-26,2024-08-06,96,11.8,78,67,0.0,True,18.0
Tilapia,Seafood,2025-01-26,2024-07-29,56,7.0,65,45,0.0,True,0.0
Cucumber,Fruits & Vegetables,2025-01-26,2024-05-01,60,1.8,74,31,0.0,True,0.0
Sourdough Bread,Bakery,2025-01-28,2024-11-12,41,4.0,42,65,0.0,True,0.0
Mozzarella Cheese,Dairy,2025-01-28,2025-02-09,45,7.0,83,5,12.0,False,0.0
Herbal Tea,Beverages,2025-01-28,2024-12-07,48,31.0,70,74,0.0,True,0.0
Cheddar Cheese,Dairy,2025-01-28,2024-02-25,21,9.0,69,51,0.0,True,0.0
Lemon,Fruits & Vegetables,2025-01-28,2024-07-29,65,2.5,89,37,0.0,True,0.0
Sesame Oil,Oils & Fats,2025-01-28,2024-12-12,14,6.5,51,73,0.0,True,0.0
Sushi Rice,Grains & Pulses,2025-01-29,2024-04-18,47,4.2,32,87,0.0,True,15.0
Apple,Fruits & Vegetables,2025-01-29,2025-01-02,71,3.5,87,2,0.0,True,0.0
Peanut Oil,Oils & Fats,2025-01-30,2024-11-16,64,4.0,51,26,0.0,True,13.0
Feta Cheese,Dairy,2025-01-30,2024-03-16,74,7.0,21,42,0.0,True,53.0
Ricotta Cheese,Dairy,2025-01-31,2024-09-24,51,6.0,54,59,0.0,True,0.0
Apricot,Fruits & Vegetables,2025-01-31,2024-05-07,89,5.0,49,55,0.0,True,40.0
Evaporated Milk,Dairy,2024-10-13,2024-06-10,11,2.0,48,96,0.0,True,0.0
Haddock,Seafood,2024-10-13,2024-08-27,98,9.0,53,20,0.0,True,45.0
Rye Bread,Bakery,2024-10-14,2024-05-29,50,3.0,83,49,0.0,True,0.0
Green Tea,Beverages,2024-10-14,2024-11-20,24,8.0,49,58,37.0,False,0.0
Powdered Sugar,Grains & Pulses,2024-10-14,2024-10-27,64,2.5,97,52,13.0,False,0.0
Asparagus,Fruits & Vegetables,2024-10-14,2024-05-12,34,5.0,41,26,0.0,True,0.0
Greek Yogurt,Dairy,2024-10-15,2025-01-21,26,3.0,25,81,98.0,False,0.010101010101010102
Potato,Fruits & Vegetables,2024-10-16,2025-02-23,72,1.2,96,23,130.0,False,0.0
Broccoli,Fruits & Vegetables,2024-10-16,2024-09-19,89,4.0,93,48,0.0,True,0.0
Olive Oil,Oils & Fats,2024-10-17,2024-03-21,83,6.0,47,7,0.0,True,36.0
Arabica Coffee,Beverages,2024-10-17,2024-11-03,13,20.0,67,68,17.0,False,0.0
Green Tea,Beverages,2024-10-18,2024-03-15,15,8.0,60,40,0.0,True,0.0
Jasmine Rice,Grains & Pulses,2024-10-18,2025-01-11,56,4.75,71,65,85.0,False,0.0
Asparagus,Fruits & Vegetables,2024-10-18,2024-11-24,18,5.0,58,61,37.0,False,0.0
Wild Rice,Grains & Pulses,2024-10-18,2025-01-16,32,10.0,69,80,90.0,False,0.0
White Sugar,Grains & Pulses,2024-10-19,2024-10-14,91,2.0,100,20,0.0,True,0.0
White Bread,Bakery,2024-10-19,2024-05-22,92,2.5,61,31,0.0,True,31.0
Robusta Coffee,Beverages,2024-10-19,2024-06-24,42,10.5,34,51,0.0,True,8.0
Trout,Seafood,2024-10-20,2024-07-13,75,12.0,89,42,0.0,True,0.0
Cucumber,Fruits & Vegetables,2024-10-20,2024-09-17,76,1.8,22,91,0.0,True,54.0
Green Beans,Fruits & Vegetables,2024-10-20,2024-09-07,86,2.1,98,85,0.0,True,0.0
Cabbage,Fruits & Vegetables,2024-10-20,2025-02-16,90,0.9,52,19,119.0,False,0.31666666666666665
Onion,Fruits & Vegetables,2024-10-20,2024-12-25,20,2.0,23,2,66.0,False,0.0
Brown Rice,Grains & Pulses,2024-10-21,2025-01-18,17,2.5,45,29,89.0,False,0.0
Peas,Fruits & Vegetables,2024-10-22,2024-12-10,49,3.0,82,21,49.0,False,0.0
Swiss Cheese,Dairy,2024-10-22,2024-11-16,20,8.0,50,65,25.0,False,0.0
Bread Flour,Grains & Pulses,2024-10-22,2024-11-21,99,1.5,80,10,30.0,False,0.6129032258064516
Anchovies,Seafood,2024-10-22,2024-08-16,51,10.0,80,89,0.0,True,0.0
Canola Oil,Oils & Fats,2024-10-22,2024-08-15,25,2.3,72,23,0.0,True,0.0
Parmesan Cheese,Dairy,2024-10-22,2024-08-14,63,11.9,37,7,0.0,True,26.0
Egg (Goose),Dairy,2024-10-22,2025-02-04,50,2.5,76,73,105.0,False,0.0
Sardines,Seafood,2024-10-23,2024-06-26,91,6.0,30,63,0.0,True,61.0
Olive Oil,Oils & Fats,2024-10-24,2024-08-27,28,6.0,38,25,0.0,True,0.0
Zucchini,Fruits & Vegetables,2024-10-24,2024-05-11,29,2.5,53,69,0.0,True,0.0
Mackerel,Seafood,2024-10-24,2024-06-14,89,7.5,48,94,0.0,True,41.0
Mushrooms,Fruits & Vegetables,2024-10-24,2024-07-13,65,6.3,54,2,0.0,True,11.0
Cauliflower,Grains & Pulses,2024-10-25,2025-01-03,40,3.2,21,45,70.0,False,0.26760563380281693
Rice Flour,Grains & Pulses,2024-10-25,2024-06-20,99,2.0,36,2,0.0,True,63.0
Short Grain Rice,Grains & Pulses,2024-10-25,2024-09-02,56,3.0,93,69,0.0,True,0.0
Parmesan Cheese,Dairy,2024-10-25,2024-11-21,37,12.0,39,28,27.0,False,0.0
Brown Rice,Grains & Pulses,2024-10-26,2024-10-11,31,2.5,25,22,0.0,True,6.0
White Tea,Beverages,2024-10-26,2024-10-16,81,25.0,74,86,0.0,True,7.0
Bread Flour,Grains & Pulses,2024-10-26,2024-07-10,11,1.5,77,46,0.0,True,0.0
Pear,Fruits & Vegetables,2024-10-27,2024-03-02,29,4.5,31,31,0.0,True,0.0
Zucchini,Fruits & Vegetables,2024-10-27,2024-12-16,59,2.5,54,87,50.0,False,0.09803921568627451
Yogurt,Dairy,2024-10-27,2024-07-24,12,1.75,22,9,0.0,True,0.0
Lime,Fruits & Vegetables,2024-10-27,2024-09-19,75,1.9,63,64,0.0,True,12.0
Trout,Seafood,2024-10-27,2024-08-29,67,11.6,66,77,0.0,True,1.0
White Sugar,Grains & Pulses,2024-10-27,2024-12-25,29,2.0,58,63,59.0,False,0.0
Carrot,Fruits & Vegetables,2024-10-27,2024-04-24,61,1.5,26,76,0.0,True,35.0
Cauliflower,Fruits & Vegetables,2024-10-28,2024-03-24,52,2.5,56,44,0.0,True,0.0
Greek Yogurt,Fruits & Vegetables,2024-10-28,2024-08-08,28,42.58,48,56,0.0,True,0.0
Bread Flour,Grains & Pulses,2024-10-29,2024-02-25,84,1.5,92,69,0.0,True,0.0
Mushrooms,Fruits & Vegetables,2024-10-29,2024-05-11,79,6.0,55,20,0.0,True,24.0
Sesame Oil,Oils & Fats,2024-10-29,2024-07-17,39,6.5,54,89,0.0,True,0.0
Buttermilk,Dairy,2024-10-29,2024-06-01,69,2.55,29,34,0.0,True,40.0
Almond Flour,Grains & Pulses,2024-10-29,2024-03-20,77,9.5,27,25,0.0,True,50.0
Cherry,Fruits & Vegetables,2024-10-29,2024-11-07,29,8.0,74,93,9.0,False,0.0
Palm Oil,Oils & Fats,2024-10-30,2024-05-22,69,1.8,63,91,0.0,True,6.0
Palm Oil,Oils & Fats,2024-10-31,2024-11-08,40,1.8,71,10,8.0,False,0.0
Onion,Fruits & Vegetables,2024-10-31,2024-03-23,68,2.0,37,11,0.0,True,31.0
Peas,Fruits & Vegetables,2024-10-31,2024-12-10,75,3.0,96,73,40.0,False,0.0
Chocolate Biscuit,Bakery,2024-11-13,2024-07-16,68,5.0,70,26,0.0,True,0.0
Arabica Coffee,Beverages,2024-11-13,2024-08-23,78,20.5,62,2,0.0,True,16.0
Yogurt,Dairy,2024-11-14,2024-10-14,76,1.75,62,48,0.0,True,14.0
Watermelon,Fruits & Vegetables,2024-11-14,2024-03-22,27,3.0,70,58,0.0,True,0.0
Arabica Coffee,Beverages,2024-11-15,2025-02-05,74,21.0,83,54,82.0,False,0.0
Bread Flour,Grains & Pulses,2024-11-16,2024-04-05,27,1.5,66,13,0.0,True,0.0
Rice Flour,Grains & Pulses,2024-11-16,2025-02-06,15,2.0,90,26,82.0,False,0.0
Buttermilk,Dairy,2024-11-16,2024-10-15,60,2.45,42,91,0.0,True,18.0
Tilapia,Seafood,2024-11-17,2024-03-08,95,7.0,61,38,0.0,True,34.0
Arabica Coffee,Beverages,2024-11-17,2024-09-07,21,21.0,20,38,0.0,True,1.0
Blueberries,Fruits & Vegetables,2024-11-17,2024-05-03,89,10.0,79,42,0.0,True,10.0
Pineapple,Fruits & Vegetables,2024-11-17,2024-10-22,14,3.5,74,84,0.0,True,0.0
Mango,Fruits & Vegetables,2024-11-17,2024-11-09,32,4.9,84,34,0.0,True,0.0
Halibut,Seafood,2024-11-17,2024-10-15,68,20.0,75,35,0.0,True,0.0
Egg (Duck),Dairy,2024-11-18,2024-07-08,43,1.0,27,69,0.0,True,16.0
Pomegranate,Fruits & Vegetables,2024-11-18,2024-07-20,92,6.0,32,22,0.0,True,60.0
Plum,Fruits & Vegetables,2024-11-18,2024-12-03,85,3.85,58,36,15.0,False,1.6875
Mozzarella Cheese,Dairy,2024-11-18,2024-02-29,24,7.0,58,61,0.0,True,0.0
Watermelon,Fruits & Vegetables,2024-11-19,2024-12-14,13,3.0,100,52,25.0,False,0.0
Haddock,Seafood,2024-11-21,2024-12-30,19,9.0,29,54,39.0,False,0.0
Arabica Coffee,Beverages,2024-11-22,2024-03-18,97,20.0,74,98,0.0,True,23.0
Buttermilk,Dairy,2024-11-22,2024-10-23,52,2.4,21,55,0.0,True,31.0
Swiss Cheese,Dairy,2024-11-23,2024-06-19,96,8.0,71,17,0.0,True,25.0
Corn Oil,Oils & Fats,2024-11-23,2025-01-07,26,2.5,45,45,45.0,False,0.0
Brown Rice,Grains & Pulses,2024-11-23,2024-06-18,51,2.5,53,4,0.0,True,0.0
Arborio Rice,Grains & Pulses,2024-11-23,2024-06-26,51,4.5,73,42,0.0,True,0.0
Eggplant,Fruits & Vegetables,2024-11-24,2025-01-08,39,3.0,51,98,45.0,False,0.0
Apricot,Fruits & Vegetables,2024-11-24,2024-11-24,90,5.0,34,72,0.0,False,56.0
Onion,Fruits & Vegetables,2024-11-25,2024-11-14,35,2.0,76,32,0.0,True,0.0
Green Tea,Beverages,2024-11-25,2024-05-15,39,8.0,28,18,0.0,True,11.0
Short Grain Rice,Grains & Pulses,2024-11-25,2024-08-02,64,3.0,48,100,0.0,True,16.0
Wild Rice,Grains & Pulses,2024-11-25,2024-08-10,98,10.0,31,26,0.0,True,67.0
Arborio Rice,Grains & Pulses,2024-11-26,2024-09-21,95,4.5,60,19,0.0,True,35.0
Vegetable Oil,Oils & Fats,2024-11-26,2024-08-03,70,2.0,100,15,0.0,True,0.0
Papaya,Fruits & Vegetables,2024-11-26,2024-12-01,20,4.5,35,50,5.0,False,0.0
Pineapple,Fruits & Vegetables,2024-11-26,2024-06-26,18,3.5,88,96,0.0,True,0.0
Coconut Oil,Oils & Fats,2024-11-26,2024-04-08,54,5.0,29,8,0.0,True,25.0
Papaya,Fruits & Vegetables,2024-11-26,2024-08-27,19,4.5,91,73,0.0,True,0.0
Ricotta Cheese,Dairy,2024-11-27,2025-01-06,66,6.0,43,49,40.0,False,0.5609756097560976
Grapes,Fruits & Vegetables,2024-11-27,2024-06-22,88,5.5,57,37,0.0,True,31.0
Sourdough Bread,Bakery,2024-11-27,2024-07-07,71,4.0,58,14,0.0,True,13.0
Onion,Fruits & Vegetables,2024-11-27,2024-06-24,39,2.0,25,19,0.0,True,14.0
Plum,Fruits & Vegetables,2024-11-28,2025-02-20,20,3.85,61,25,84.0,False,0.0
Black Coffee,Beverages,2024-11-28,2024-08-30,33,15.0,96,56,0.0,True,0.0
Lime,Fruits & Vegetables,2024-11-29,2025-01-04,29,2.0,81,53,36.0,False,0.0
Black Rice,Grains & Pulses,2024-11-29,2025-01-20,92,6.25,38,61,52.0,False,1.0188679245283019
Egg (Duck),Dairy,2024-11-30,2024-07-11,70,1.0,95,26,0.0,True,0.0
Parmesan Cheese,Dairy,2024-11-30,2024-04-12,65,12.0,69,79,0.0,True,0.0
Rye Bread,Bakery,2024-12-13,2024-07-18,26,3.0,47,41,0.0,True,0.0
Peas,Fruits & Vegetables,2024-12-13,2024-08-19,99,3.0,50,53,0.0,True,49.0
Multigrain Bread,Bakery,2024-12-13,2024-11-26,47,3.25,30,72,0.0,True,17.0
Potato,Fruits & Vegetables,2024-12-14,2024-10-27,28,1.2,30,56,0.0,True,0.0
Egg (Duck),Dairy,2024-12-14,2024-08-02,44,1.0,96,38,0.0,True,0.0
Cottage Cheese,Dairy,2024-12-15,2024-12-10,89,5.0,94,81,0.0,True,0.0
Tomato,Fruits & Vegetables,2024-12-15,2024-08-24,100,2.5,84,44,0.0,True,16.0
White Bread,Bakery,2024-12-16,2024-10-09,62,2.5,42,44,0.0,True,20.0
Lettuce,Fruits & Vegetables,2024-12-16,2024-07-25,100,2.0,26,33,0.0,True,74.0
Egg (Turkey),Dairy,2024-12-17,2024-05-16,42,2.5,61,92,0.0,True,0.0
Long Grain Rice,Grains & Pulses,2024-12-18,2025-01-07,62,1.6,100,42,20.0,False,0.0
Coconut,Fruits & Vegetables,2024-12-18,2025-01-28,19,5.0,96,37,41.0,False,0.0
Salmon,Seafood,2024-12-18,2024-04-16,52,15.0,43,34,0.0,True,9.0
Sourdough Bread,Bakery,2024-12-19,2024-11-20,30,4.5,32,83,0.0,True,0.0
Kale,Fruits & Vegetables,2024-12-19,2024-05-01,77,4.0,48,43,0.0,True,29.0
Ricotta Cheese,Dairy,2024-12-19,2025-01-28,96,6.1,94,49,40.0,False,0.04878048780487805
Haddock,Seafood,2024-12-19,2024-07-08,67,9.0,76,34,0.0,True,0.0
Anchovies,Seafood,2024-12-19,2024-09-29,86,10.0,37,53,0.0,True,49.0
Parmesan Cheese,Dairy,2024-12-21,2024-09-30,63,12.0,59,71,0.0,True,4.0
Digestive Biscuit,Bakery,2024-12-21,2024-06-22,39,4.0,98,12,0.0,True,0.0
Pomegranate,Fruits & Vegetables,2024-12-21,2025-01-16,43,6.0,78,73,26.0,False,0.0
Tuna,Seafood,2024-12-21,2024-05-04,37,18.0,27,73,0.0,True,10.0
Zucchini,Fruits & Vegetables,2024-12-22,2024-09-19,61,2.5,79,84,0.0,True,0.0
Corn Oil,Oils & Fats,2024-12-22,2024-12-06,28,2.5,32,49,0.0,True,0.0
Egg (Duck),Dairy,2024-12-23,2024-04-26,63,1.0,23,18,0.0,True,40.0
Cabbage,Unknown,2024-12-23,2024-09-21,69,66.55,36,35,0.0,True,33.0
Tuna,Seafood,2024-12-24,2024-04-04,92,18.0,40,57,0.0,True,52.0
Black Tea,Beverages,2024-12-24,2024-07-29,19,5.0,72,84,0.0,True,0.0
Pear,Fruits & Vegetables,2024-12-24,2024-05-24,84,4.5,64,32,0.0,True,20.0
Lime,Fruits & Vegetables,2024-12-24,2024-03-04,14,1.9,100,84,0.0,True,0.0
Cherry,Fruits & Vegetables,2024-12-25,2024-06-28,30,8.0,42,76,0.0,True,0.0
Lemon,Fruits & Vegetables,2024-12-26,2024-04-15,63,2.5,33,31,0.0,True,30.0
White Tea,Beverages,2024-12-26,2024-11-19,60,25.3,43,91,0.0,True,17.0
Tuna,Seafood,2024-12-26,2024-04-29,16,18.0,35,52,0.0,True,0.0
White Rice,Grains & Pulses,2024-12-26,2024-11-29,18,1.8,64,34,0.0,True,0.0
Bread Flour,Grains & Pulses,2024-12-26,2024-07-05,64,1.5,33,83,0.0,True,31.0
Onion,Fruits & Vegetables,2024-12-26,2024-08-07,74,2.0,97,24,0.0,True,0.0
Carrot,Fruits & Vegetables,2024-12-27,2024-11-09,92,1.6,30,41,0.0,True,62.0
Arabica Coffee,Beverages,2024-12-27,2025-01-25,45,20.0,36,6,29.0,False,0.3
Heavy Cream,Dairy,2024-12-27,2024-08-14,74,4.0,65,96,0.0,True,9.0
Powdered Sugar,Grains & Pulses,2024-12-27,2024-10-30,88,2.4,95,63,0.0,True,0.0
White Tea,Beverages,2024-12-28,2024-12-05,50,25.5,29,31,0.0,True,21.0
Egg (Chicken),Dairy,2024-12-29,2024-09-08,10,0.2,100,63,0.0,True,0.0
Black Coffee,Beverages,2024-12-29,2024-08-17,87,14.9,90,75,0.0,True,0.0
White Sugar,Grains & Pulses,2024-12-29,2024-08-06,38,2.0,52,47,0.0,True,0.0
Green Coffee,Beverages,2024-12-30,2024-09-26,61,12.5,95,61,0.0,True,0.0
Orange,Fruits & Vegetables,2024-12-30,2025-02-10,81,3.0,86,71,42.0,False,0.0
Sardines,Seafood,2024-12-31,2024-08-24,89,6.0,60,2,0.0,True,29.0
Pear,Fruits & Vegetables,2024-12-31,2025-01-06,58,4.45,62,89,6.0,False,0.0
White Sugar,Grains & Pulses,2024-12-31,2024-04-12,39,2.0,73,88,0.0,True,0.0
Cauliflower,Fruits & Vegetables,2024-12-31,2024-09-29,95,2.5,49,77,0.0,True,46.0
Gouda Cheese,Dairy,2025-02-13,2024-04-06,67,7.0,73,36,0.0,True,0.0
Onion,Fruits & Vegetables,2025-02-13,2024-10-05,50,2.0,30,57,0.0,True,20.0
Sushi Rice,Grains & Pulses,2025-02-13,2024-07-22,10,4.3,29,72,0.0,True,0.0
Whole Wheat Flour,Grains & Pulses,2025-02-13,2024-09-11,59,2.75,32,56,0.0,True,27.0
Haddock,Seafood,2025-02-14,2024-07-28,17,9.0,100,63,0.0,True,0.0
Carrot,Fruits & Vegetables,2025-02-14,2024-12-18,74,1.5,91,18,0.0,True,0.0
Mackerel,Seafood,2025-02-14,2024-12-24,91,7.5,90,75,0.0,True,1.0
Trout,Seafood,2025-02-14,2024-11-10,89,12.0,96,42,0.0,True,0.0
Egg (Goose),Dairy,2025-02-15,2024-10-23,72,2.4,36,14,0.0,True,36.0
Bread Flour,Grains & Pulses,2025-02-16,2024-10-30,25,1.5,31,41,0.0,True,0.0
Halibut,Seafood,2025-02-17,2024-03-04,40,20.0,39,65,0.0,True,1.0
Lime,Fruits & Vegetables,2025-02-17,2024-03-15,75,2.0,32,92,0.0,True,43.0
Multigrain Bread,Bakery,2025-02-18,2024-06-20,85,3.5,30,42,0.0,True,55.0
Vegetable Oil,Oils & Fats,2025-02-18,2024-03-16,41,2.0,55,74,0.0,True,0.0
Whipped Cream,Dairy,2025-02-19,2024-03-26,92,4.0,43,90,0.0,True,49.0
Coconut Sugar,Grains & Pulses,2025-02-19,2025-01-24,51,5.0,21,13,0.0,True,30.0
Long Grain Rice,Grains & Pulses,2025-02-19,2024-10-20,98,1.5,30,53,0.0,True,68.0
Anchovies,Seafood,2025-02-19,2024-12-07,100,10.0,54,92,0.0,True,46.0
Zucchini,Fruits & Vegetables,2025-02-19,2025-01-17,43,2.5,22,25,0.0,True,21.0
Broccoli,Fruits & Vegetables,2025-02-20,2024-12-13,31,4.0,69,77,0.0,True,0.0
Cucumber,Fruits & Vegetables,2025-02-20,2024-08-15,12,1.75,45,12,0.0,True,0.0
Peach,Fruits & Vegetables,2025-02-21,2024-06-21,40,4.0,70,20,0.0,True,0.0
Heavy Cream,Dairy,2025-02-21,2024-08-10,57,4.0,23,4,0.0,True,34.0
Jasmine Rice,Grains & Pulses,2025-02-22,2024-05-07,24,4.75,35,4,0.0,True,0.0
Vegetable Oil,Oils & Fats,2025-02-23,2024-10-02,75,2.0,79,69,0.0,True,0.0
Whole Wheat Flour,Grains & Pulses,2025-02-23,2025-01-02,60,2.75,51,6,0.0,True,9.0
Cod,Seafood,2025-02-24,2024-10-22,56,8.0,99,5,0.0,True,0.0
Salmon,Seafood,2025-02-24,2024-02-25,88,15.0,96,87,0.0,True,0.0
Mango,Fruits & Vegetables,2025-02-24,2024-09-29,53,5.0,41,84,0.0,True,12.0
Arabica Coffee,Beverages,2024-02-25,2024-07-20,22,21.0,30,62,146.0,False,0.0
Spinach,Fruits & Vegetables,2024-02-26,2024-10-01,41,2.4,59,4,218.0,False,0.0
Corn Oil,Oils & Fats,2024-02-26,2024-10-27,70,2.5,34,3,244.0,False,0.1469387755102041
Peach,Fruits & Vegetables,2024-02-26,2024-03-06,73,4.0,75,19,9.0,False,0.0
Feta Cheese,Dairy,2024-02-27,2024-10-05,94,7.0,20,24,221.0,False,0.3333333333333333
Cheddar Cheese,Dairy,2024-02-27,2024-04-29,68,8.9,79,46,62.0,False,0.0
Blueberries,Fruits & Vegetables,2024-02-28,2025-02-06,66,10.0,24,61,344.0,False,0.12173913043478261
Swiss Cheese,Dairy,2024-02-28,2025-02-04,93,8.0,93,85,342.0,False,0.0
Egg (Turkey),Dairy,2024-02-28,2024-11-29,56,2.5,82,100,275.0,False,0.0
Heavy Cream,Dairy,2024-02-28,2025-01-21,82,4.1,69,93,328.0,False,0.03951367781155015
Plum,Fruits & Vegetables,2024-02-28,2024-11-24,11,4.0,99,94,270.0,False,0.0
Rice Flour,Grains & Pulses,2024-02-29,2024-11-21,31,2.0,38,23,266.0,False,0.0
Eggplant,Fruits & Vegetables,2024-02-29,2024-12-10,97,3.0,29,59,285.0,False,0.23776223776223776
Robusta Coffee,Beverages,2024-02-29,2024-04-06,74,10.0,37,99,37.0,False,0.9736842105263157
Tomato,Fruits & Vegetables,2024-03-13,2024-03-23,44,2.5,82,51,10.0,False,0.0
Garlic,Fruits & Vegetables,2024-03-13,2024-06-14,33,7.0,46,92,93.0,False,0.0
Tuna,Seafood,2024-03-14,2024-03-16,88,18.0,28,14,2.0,False,20.0
Halibut,Seafood,2024-03-14,2024-10-19,14,20.0,71,94,219.0,False,0.0
Arabica Coffee,Beverages,2024-03-15,2024-03-30,36,20.0,91,35,15.0,False,0.0
Arborio Rice,Grains & Pulses,2024-03-15,2024-09-22,56,4.5,61,73,191.0,False,0.0
Jasmine Rice,Grains & Pulses,2024-03-15,2024-08-05,44,4.75,63,59,143.0,False,0.0
Jasmine Rice,Grains & Pulses,2024-03-15,2024-04-17,33,4.75,93,19,33.0,False,0.0
Watermelon,Fruits & Vegetables,2024-03-16,2024-09-19,53,3.0,24,77,187.0,False,0.15425531914893617
Canola Oil,Oils & Fats,2024-03-16,2024-11-26,96,2.3,61,4,255.0,False,0.13671875
Pineapple,Fruits & Vegetables,2024-03-17,2024-10-30,48,3.45,51,50,227.0,False,0.0
Corn Oil,Oils & Fats,2024-03-18,2024-06-20,96,2.5,67,13,94.0,False,0.30526315789473685
Mango,Fruits & Vegetables,2024-03-18,2025-01-29,58,4.7,85,63,317.0,False,0.0
Papaya,Fruits & Vegetables,2024-03-18,2024-08-22,45,4.5,35,16,157.0,False,0.06329113924050633
Black Coffee,Beverages,2024-03-18,2024-03-04,24,15.5,80,42,0.0,True,0.0
Vanilla Biscuit,Bakery,2024-03-18,2024-11-01,94,5.5,74,70,228.0,False,0.08733624454148471
Arborio Rice,Grains & Pulses,2024-03-18,2024-05-20,86,4.5,22,67,63.0,False,1.0
Coconut Sugar,Grains & Pulses,2024-03-19,2024-06-18,20,5.0,71,26,91.0,False,0.0
Orange,Fruits & Vegetables,2024-03-20,2025-02-02,85,3.0,95,72,319.0,False,0.0
Broccoli,Fruits & Vegetables,2024-03-20,2024-04-11,30,4.0,61,3,22.0,False,0.0
Spinach,Fruits & Vegetables,2024-03-20,2024-06-19,23,2.5,95,24,91.0,False,0.0
Eggplant,Fruits & Vegetables,2024-03-21,2024-05-31,17,3.0,49,17,71.0,False,0.0
White Bread,Bakery,2024-03-21,2024-06-22,61,2.5,51,48,93.0,False,0.10638297872340426
Digestive Biscuit,Bakery,2024-03-21,2024-09-25,29,4.0,80,85,188.0,False,0.0
Egg (Goose),Dairy,2024-03-22,2024-03-16,40,2.45,76,70,0.0,True,0.0
Robusta Coffee,Beverages,2024-03-22,2024-09-22,20,10.0,72,28,184.0,False,0.0
Watermelon,Fruits & Vegetables,2024-03-23,2024-10-23,51,3.0,23,17,214.0,False,0.13023255813953488
Carrot,Fruits & Vegetables,2024-03-24,2024-10-26,80,1.5,81,74,216.0,False,0.0
Almond Flour,Grains & Pulses,2024-03-24,2024-03-14,85,9.5,26,32,0.0,True,59.0
Apple,Fruits & Vegetables,2024-03-24,2024-04-14,17,3.5,36,64,21.0,False,0.0
Black Rice,Grains & Pulses,2024-03-25,2024-05-30,86,6.1,80,94,66.0,False,0.08955223880597014
Whole Wheat Flour,Grains & Pulses,2024-03-25,2024-10-19,82,2.75,26,1,208.0,False,0.2679425837320574
Salmon,Seafood,2024-03-25,2024-12-28,78,15.0,47,95,278.0,False,0.1111111111111111
Palm Oil,Oils & Fats,2024-03-26,2024-05-24,74,1.8,31,34,59.0,False,0.7166666666666667
Short Grain Rice,Grains & Pulses,2024-03-26,2024-09-06,18,3.0,61,78,164.0,False,0.0
Papaya,Fruits & Vegetables,2024-03-26,2024-11-12,59,4.5,63,69,231.0,False,0.0
Rye Bread,Bakery,2024-03-26,2024-06-08,48,2.8,27,1,74.0,False,0.28
Garlic,Fruits & Vegetables,2024-03-27,2024-05-11,76,7.0,52,82,45.0,False,0.5217391304347826
Rye Bread,Bakery,2024-03-27,2024-09-17,50,3.0,70,100,174.0,False,0.0
Arabica Coffee,Beverages,2024-03-27,2024-11-21,23,20.0,31,28,239.0,False,0.0
Egg (Turkey),Dairy,2024-03-27,2024-12-20,86,2.5,34,66,268.0,False,0.1933085501858736
Oatmeal Biscuit,Bakery,2024-03-27,2024-10-07,28,5.0,28,30,194.0,False,0.0
Tilapia,Seafood,2024-03-28,2024-05-03,85,6.7,54,85,36.0,False,0.8378378378378379
White Bread,Bakery,2024-03-28,2024-04-24,42,2.5,67,94,27.0,False,0.0
Green Tea,Beverages,2024-03-29,2024-11-17,51,7.6,96,26,233.0,False,0.0
Apricot,Fruits & Vegetables,2024-03-29,2024-07-22,73,5.0,87,10,115.0,False,0.0
Chocolate Biscuit,Bakery,2024-03-29,2024-10-18,53,5.0,82,56,203.0,False,0.0
Mackerel,Seafood,2024-03-30,2025-02-15,82,7.5,66,14,322.0,False,0.04953560371517028
Grapes,Fruits & Vegetables,2024-03-30,2025-02-09,98,5.5,59,19,316.0,False,0.12302839116719243
Banana,Fruits & Vegetables,2024-03-30,2025-01-20,39,13.99,58,90,296.0,False,0.0
Green Coffee,Beverages,2024-03-31,2024-04-09,43,12.0,88,65,9.0,False,0.0
Watermelon,Fruits & Vegetables,2024-03-31,2024-03-10,90,3.0,82,84,0.0,True,8.0
Egg (Chicken),Dairy,2024-03-31,2024-09-17,70,0.2,62,55,170.0,False,0.04678362573099415
Coconut Sugar,Grains & Pulses,2024-03-31,2024-11-16,91,5.0,48,18,230.0,False,0.18614718614718614
Butter,Dairy,2024-04-13,2024-11-23,36,2.9,26,41,224.0,False,0.044444444444444446
Plum,Fruits & Vegetables,2024-04-14,2024-10-10,11,3.9,40,5,179.0,False,0.0
Grapes,Fruits & Vegetables,2024-04-14,2024-07-08,82,5.5,39,18,85.0,False,0.5
Vegetable Oil,Oils & Fats,2024-04-14,2024-08-18,23,2.0,63,23,126.0,False,0.0
Multigrain Bread,Bakery,2024-04-15,2024-04-09,56,3.2,67,56,0.0,True,0.0
Eggplant,Fruits & Vegetables,2024-04-15,2025-01-09,47,3.0,39,54,269.0,False,0.02962962962962963
Bell Pepper,Fruits & Vegetables,2024-04-15,2025-01-24,84,4.5,46,67,284.0,False,0.13333333333333333
Heavy Cream,Dairy,2024-04-16,2024-12-06,85,4.0,95,63,234.0,False,0.0
Herbal Tea,Beverages,2024-04-16,2024-11-28,27,30.0,34,63,226.0,False,0.0
Sesame Oil,Oils & Fats,2024-04-17,2024-07-18,77,6.5,29,46,92.0,False,0.5161290322580645
Butter Biscuit,Bakery,2024-04-17,2024-05-25,84,6.0,51,12,38.0,False,0.8461538461538461
Halibut,Seafood,2024-04-17,2025-02-10,35,20.0,74,15,299.0,False,0.0
Zucchini,Fruits & Vegetables,2024-04-17,2024-03-20,98,2.5,48,38,0.0,True,50.0
Egg (Chicken),Dairy,2024-04-17,2024-11-05,63,0.2,67,17,202.0,False,0.0
Sesame Oil,Oils & Fats,2024-04-18,2024-12-18,27,6.5,29,32,244.0,False,0.0
Bread Flour,Grains & Pulses,2024-04-18,2024-05-28,70,1.5,27,58,40.0,False,1.048780487804878
Coconut Sugar,Grains & Pulses,2024-04-18,2024-05-26,49,5.0,93,45,38.0,False,0.0
Egg (Chicken),Dairy,2024-04-18,2024-09-17,22,0.2,88,24,152.0,False,0.0
Mozzarella Cheese,Dairy,2024-04-19,2024-11-11,96,7.0,72,84,206.0,False,0.11594202898550723
Rye Bread,Bakery,2024-04-19,2024-09-12,61,3.0,71,97,146.0,False,0.0
Zucchini,Fruits & Vegetables,2024-04-20,2024-04-19,43,2.5,66,65,0.0,True,0.0
Digestive Biscuit,Bakery,2024-04-20,2025-02-18,38,4.0,72,64,304.0,False,0.0
Multigrain Bread,Bakery,2024-04-21,2025-01-24,65,3.5,32,70,278.0,False,0.11827956989247312
Heavy Cream,Dairy,2024-04-21,2024-06-26,14,4.2,28,45,66.0,False,0.0
Cottage Cheese,Dairy,2024-04-22,2024-12-07,67,5.0,35,98,229.0,False,0.1391304347826087
Swiss Cheese,Dairy,2024-04-22,2025-02-15,85,8.0,68,93,299.0,False,0.05666666666666667
Anchovies,Seafood,2024-04-22,2024-09-04,93,10.0,81,18,135.0,False,0.08823529411764705
Raw Sugar,Grains & Pulses,2024-04-23,2024-06-21,100,1.5,76,38,59.0,False,0.4
Ricotta Cheese,Dairy,2024-04-24,2024-08-14,88,6.0,23,39,112.0,False,0.5752212389380531
Digestive Biscuit,Bakery,2024-04-25,2024-11-27,97,4.0,57,42,216.0,False,0.18433179723502305
Egg (Turkey),Dairy,2024-04-25,2024-03-22,19,2.5,66,28,0.0,True,0.0
Mango,Fruits & Vegetables,2024-04-26,2024-11-25,24,5.0,39,15,213.0,False,0.0
Basmati Rice,Grains & Pulses,2024-04-26,2024-04-14,55,4.45,37,4,0.0,True,18.0
Canola Oil,Oils & Fats,2024-04-27,2025-02-22,91,2.3,43,45,301.0,False,0.15894039735099338
Bell Pepper,Fruits & Vegetables,2024-04-27,2024-04-27,49,4.5,52,31,0.0,False,0.0
Pomegranate,Fruits & Vegetables,2024-04-27,2024-08-14,66,6.0,85,6,109.0,False,0.0
Egg (Goose),Dairy,2024-04-28,2024-11-28,14,2.5,59,63,214.0,False,0.0
Mozzarella Cheese,Dairy,2024-04-28,2024-08-05,36,7.1,27,67,99.0,False,0.09
Egg (Duck),Dairy,2024-04-28,2025-02-02,52,1.0,77,16,280.0,False,0.0
Butter,Dairy,2024-04-29,2024-08-29,48,3.0,95,3,122.0,False,0.0
Palm Oil,Oils & Fats,2024-04-29,2025-02-24,58,1.8,82,61,301.0,False,0.0
Long Grain Rice,Grains & Pulses,2024-04-29,2024-04-21,39,1.45,20,70,0.0,True,19.0
Butter,Dairy,2024-04-30,2024-09-22,51,3.0,40,21,145.0,False,0.07534246575342465
Cod,Seafood,2024-04-30,2024-06-07,16,8.0,81,62,38.0,False,0.0
White Tea,Beverages,2024-04-30,2025-02-06,62,25.0,89,100,282.0,False,0.0
Pomegranate,Fruits & Vegetables,2024-05-13,2024-08-27,60,6.0,96,50,106.0,False,0.0
Buttermilk,Dairy,2024-05-13,2024-03-06,47,2.5,48,36,0.0,True,0.0
Egg (Duck),Dairy,2024-05-13,2025-01-15,23,1.0,84,78,247.0,False,0.0
Sesame Oil,Oils & Fats,2024-05-13,2024-07-15,85,6.5,46,24,63.0,False,0.609375
Whipped Cream,Dairy,2024-05-13,2025-01-29,55,4.0,69,48,261.0,False,0.0
Sour Cream,Dairy,2024-05-13,2024-12-18,81,4.0,68,100,219.0,False,0.05909090909090909
Kiwi,Fruits & Vegetables,2024-05-15,2024-05-11,28,6.0,70,30,0.0,True,0.0
Rye Bread,Bakery,2024-05-15,2024-12-14,99,3.0,49,9,213.0,False,0.23364485981308408
Sourdough Bread,Bakery,2024-05-16,2024-04-01,34,4.0,28,23,0.0,True,6.0
Cabbage,Fruits & Vegetables,2024-05-16,2024-12-30,62,1.0,34,12,228.0,False,0.1222707423580786
Apricot,Fruits & Vegetables,2024-05-16,2024-06-06,55,5.0,23,47,21.0,False,1.4545454545454546
White Sugar,Grains & Pulses,2024-05-18,2024-04-30,47,2.0,29,20,0.0,True,18.0
Peas,Fruits & Vegetables,2024-05-18,2024-04-17,12,3.0,46,88,0.0,True,0.0
Apple,Fruits & Vegetables,2024-05-18,2024-12-24,84,3.5,66,84,220.0,False,0.08144796380090498
Broccoli,Fruits & Vegetables,2024-05-19,2024-05-07,47,4.0,76,29,0.0,True,0.0
Tuna,Seafood,2024-05-20,2024-05-04,87,18.0,22,34,0.0,True,65.0
Peach,Fruits & Vegetables,2024-05-21,2024-04-30,47,4.0,93,27,0.0,True,0.0
Spinach,Fruits & Vegetables,2024-05-22,2024-06-17,61,2.52,31,29,26.0,False,1.1111111111111112
Greek Yogurt,Dairy,2024-05-23,2024-09-05,62,3.0,50,11,105.0,False,0.11320754716981132
Cod,Seafood,2024-05-23,2024-05-01,31,8.0,41,10,0.0,True,0.0
Rye Bread,Bakery,2024-05-23,2024-06-19,28,2.8,31,1,27.0,False,0.0
Blueberries,Fruits & Vegetables,2024-05-23,2024-07-29,28,10.0,48,12,67.0,False,0.0
Milk,Dairy,2024-05-23,2024-07-17,74,1.0,24,11,55.0,False,0.8928571428571428
Eggplant,Fruits & Vegetables,2024-05-24,2024-05-17,49,3.0,37,48,0.0,True,12.0
Ricotta Cheese,Dairy,2024-05-24,2024-05-17,64,6.0,55,1,0.0,True,9.0
White Bread,Bakery,2024-05-25,2025-01-19,93,2.5,76,51,239.0,False,0.07083333333333333
Papaya,Fruits & Vegetables,2024-05-25,2024-09-17,24,4.5,24,77,115.0,False,0.0
Coconut,Fruits & Vegetables,2024-05-25,2024-07-30,85,5.0,61,80,66.0,False,0.3582089552238806
Mushrooms,Fruits & Vegetables,2024-05-26,2024-07-16,81,6.25,92,78,51.0,False,0.0
Olive Oil,Oils & Fats,2024-05-27,2024-11-13,52,6.0,100,46,170.0,False,0.0
Egg (Quail),Dairy,2024-05-27,2024-12-18,78,0.8,49,60,205.0,False,0.1407766990291262
Anchovies,Seafood,2024-05-27,2024-12-15,44,10.0,80,33,202.0,False,0.0
Cucumber,Fruits & Vegetables,2024-05-27,2024-08-21,38,1.8,89,100,86.0,False,0.0
Raw Sugar,Grains & Pulses,2024-05-28,2024-05-30,31,1.5,46,78,2.0,False,0.0
Haddock,Seafood,2024-05-28,2024-12-26,46,9.0,65,57,212.0,False,0.0
Cheddar Cheese,Dairy,2024-05-28,2024-08-24,88,9.0,79,5,88.0,False,0.10112359550561797
Raw Sugar,Grains & Pulses,2024-05-28,2025-02-23,90,1.5,80,57,271.0,False,0.03676470588235294
Green Tea,Beverages,2024-05-28,2024-08-19,64,8.0,25,52,83.0,False,0.46428571428571425
Arabica Coffee,Beverages,2024-05-29,2024-05-05,55,20.0,46,84,0.0,True,9.0
Salmon,Seafood,2024-05-29,2024-10-25,88,15.0,61,59,149.0,False,0.18000000000000002
Sour Cream,Dairy,2024-05-29,2024-04-06,29,4.0,23,85,0.0,True,6.0
Eggplant,Fruits & Vegetables,2024-05-30,2024-08-05,31,3.0,46,9,67.0,False,0.0
Heavy Cream,Dairy,2024-05-30,2024-07-18,63,4.0,21,90,49.0,False,0.84
Bell Pepper,Fruits & Vegetables,2024-05-30,2024-06-24,75,4.5,26,68,25.0,False,1.8846153846153848
Cauliflower,Fruits & Vegetables,2024-05-30,2025-01-22,63,2.5,62,45,237.0,False,0.004201680672268907
Coconut,Fruits & Vegetables,2024-05-30,2025-01-14,32,5.0,38,79,229.0,False,0.0
White Sugar,Grains & Pulses,2024-05-31,2024-12-28,65,2.0,29,11,211.0,False,0.16981132075471697
Cauliflower,Fruits & Vegetables,2024-06-13,2024-08-04,57,2.5,87,88,52.0,False,0.0
Cauliflower,Fruits & Vegetables,2024-06-14,2024-05-14,57,2.5,78,37,0.0,True,0.0
Multigrain Bread,Bakery,2024-06-14,2024-07-14,38,3.5,45,88,30.0,False,0.0
Yogurt,Dairy,2024-06-15,2025-02-01,59,1.75,92,82,231.0,False,0.0
Peach,Fruits & Vegetables,2024-06-15,2024-08-20,37,4.0,93,32,66.0,False,0.0
Gouda Cheese,Dairy,2024-06-15,2024-09-19,48,7.0,59,23,96.0,False,0.0
Butter Biscuit,Bakery,2024-06-16,2024-12-28,33,6.0,20,7,195.0,False,0.06632653061224489
Corn Oil,Oils & Fats,2024-06-16,2025-02-02,32,2.5,52,11,231.0,False,0.0
Cherry,Fruits & Vegetables,2024-06-16,2024-06-01,43,8.0,27,78,0.0,True,16.0
Sesame Oil,Oils & Fats,2024-06-16,2024-11-09,97,6.5,51,51,146.0,False,0.3129251700680272
Black Coffee,Beverages,2024-06-17,2025-02-04,37,15.0,94,66,232.0,False,0.0
Heavy Cream,Dairy,2024-06-17,2024-11-17,74,4.0,99,68,153.0,False,0.0
Haddock,Seafood,2024-06-18,2024-04-28,76,9.0,52,86,0.0,True,24.0
Gouda Cheese,Dairy,2024-06-19,2024-08-29,100,7.0,20,13,71.0,False,1.1111111111111112
Evaporated Milk,Dairy,2024-06-19,2024-10-10,64,1.9,85,42,113.0,False,0.0
Gouda Cheese,Dairy,2024-06-19,2024-04-17,41,7.0,86,30,0.0,True,0.0
Orange,Fruits & Vegetables,2024-06-20,2024-10-07,84,2.85,48,82,109.0,False,0.32727272727272727
Digestive Biscuit,Bakery,2024-06-20,2024-09-17,61,4.0,73,64,89.0,False,0.0
Peanut Oil,Oils & Fats,2024-06-20,2024-06-17,24,4.0,98,9,0.0,True,0.0
Cheddar Cheese,Dairy,2024-06-20,2024-03-23,86,9.0,100,86,0.0,True,0.0
Tilapia,Seafood,2024-06-21,2024-04-29,93,7.0,72,83,0.0,True,21.0
Avocado Oil,Oils & Fats,2024-06-22,2024-09-28,99,10.0,94,89,98.0,False,0.05050505050505051
Mackerel,Seafood,2024-06-22,2024-09-20,30,7.5,80,43,90.0,False,0.0
Corn Oil,Oils & Fats,2024-06-22,2024-07-04,75,2.5,100,54,12.0,False,0.0
Whole Wheat Flour,Grains & Pulses,2024-06-22,2024-12-27,39,2.75,92,8,188.0,False,0.0
Apple,Fruits & Vegetables,2024-06-22,2024-04-16,77,3.5,63,28,0.0,True,14.0
Palm Oil,Oils & Fats,2024-06-23,2025-02-11,43,1.8,33,96,233.0,False,0.042735042735042736
Mozzarella Cheese,Dairy,2024-06-23,2025-01-03,58,7.0,62,89,194.0,False,0.0
Swiss Cheese,Dairy,2024-06-23,2024-12-29,64,8.0,53,33,189.0,False,0.05789473684210526
Halibut,Seafood,2024-06-23,2024-04-09,88,20.0,92,29,0.0,True,0.0
Mushrooms,Fruits & Vegetables,2024-06-24,2024-03-17,72,6.0,94,57,0.0,True,0.0
Lemon,Fruits & Vegetables,2024-06-24,2024-06-05,12,2.3,66,4,0.0,True,0.0
White Tea,Beverages,2024-06-24,2025-01-02,58,25.0,85,78,192.0,False,0.0
Mango,Fruits & Vegetables,2024-06-24,2025-02-12,99,5.0,52,57,233.0,False,0.20085470085470086
Rice Flour,Grains & Pulses,2024-06-25,2025-01-14,25,2.0,24,76,203.0,False,0.004901960784313725
Bell Pepper,Fruits & Vegetables,2024-06-25,2024-12-29,98,4.5,86,62,187.0,False,0.06382978723404255
Green Coffee,Beverages,2024-06-26,2024-05-23,75,12.5,33,12,0.0,True,42.0
Feta Cheese,Dairy,2024-06-26,2024-04-12,80,7.0,64,53,0.0,True,16.0
Herbal Tea,Beverages,2024-06-26,2024-03-16,20,30.5,46,32,0.0,True,0.0
Oatmeal Biscuit,Bakery,2024-06-27,2024-10-09,93,5.0,76,35,104.0,False,0.1619047619047619
Anchovies,Seafood,2024-06-27,2024-07-26,66,10.0,27,37,29.0,False,1.3
Avocado Oil,Oils & Fats,2024-06-29,2024-12-13,10,10.0,24,52,167.0,False,0.0
Digestive Biscuit,Bakery,2024-06-29,2024-05-07,90,4.0,63,14,0.0,True,27.0
Raw Sugar,Grains & Pulses,2024-06-29,2024-12-24,19,1.5,39,85,178.0,False,0.0
White Bread,Bakery,2024-06-29,2024-10-29,72,2.5,87,68,122.0,False,0.0
Mango,Fruits & Vegetables,2024-06-30,2024-12-20,60,4.5,26,29,173.0,False,0.1954022988505747
Potato,Fruits & Vegetables,2024-06-30,2024-08-19,26,1.2,64,79,50.0,False,0.0
Sesame Oil,Oils & Fats,2024-06-30,2024-07-18,85,6.5,78,53,18.0,False,0.3684210526315789
Bell Pepper,Fruits & Vegetables,2024-06-30,2025-01-13,90,4.5,81,88,197.0,False,0.045454545454545456
White Tea,Beverages,2024-06-30,2025-01-08,35,25.25,53,56,192.0,False,0.0
Corn Oil,Oils & Fats,2024-06-30,2024-08-26,50,2.5,28,98,57.0,False,0.3793103448275862
Garlic,Fruits & Vegetables,2024-07-13,2024-12-19,43,7.0,95,26,159.0,False,0.0
Grapes,Fruits & Vegetables,2024-07-13,2024-09-08,99,5.5,59,16,57.0,False,0.6896551724137931
Parmesan Cheese,Dairy,2024-07-14,2025-01-20,99,12.0,69,98,190.0,False,0.15706806282722513
Mackerel,Seafood,2024-07-14,2024-07-05,45,7.5,35,82,0.0,True,10.0
Brown Rice,Grains & Pulses,2024-07-14,2024-06-05,44,2.5,44,72,0.0,True,0.0
Pomegranate,Fruits & Vegetables,2024-07-15,2024-06-05,62,6.0,45,86,0.0,True,17.0
Oatmeal Biscuit,Bakery,2024-07-16,2025-02-07,16,5.0,50,98,206.0,False,0.0
Coconut,Fruits & Vegetables,2024-07-16,2024-08-10,99,5.0,41,50,25.0,False,2.230769230769231
Bread Flour,Grains & Pulses,2024-07-17,2025-01-20,71,1.5,34,57,187.0,False,0.19680851063829788
Cucumber,Fruits & Vegetables,2024-07-18,2024-06-24,13,1.8,44,32,0.0,True,0.0
Milk,Dairy,2024-07-19,2024-12-23,43,1.0,84,75,157.0,False,0.0
Butter Biscuit,Bakery,2024-07-19,2024-11-13,22,6.0,47,71,117.0,False,0.0
Egg (Quail),Dairy,2024-07-19,2024-05-15,29,0.8,50,35,0.0,True,0.0
Almond Flour,Grains & Pulses,2024-07-19,2025-01-28,79,9.5,83,69,193.0,False,0.0
Broccoli,Fruits & Vegetables,2024-07-20,2024-05-20,95,4.0,52,46,0.0,True,43.0
Swiss Cheese,Dairy,2024-07-20,2024-07-14,70,8.0,71,20,0.0,True,0.0
Kale,Fruits & Vegetables,2024-07-20,2024-10-04,61,4.0,76,2,76.0,False,0.0
Sardines,Seafood,2024-07-20,2024-04-08,11,6.0,69,100,0.0,True,0.0
Buttermilk,Dairy,2024-07-20,2024-08-15,39,2.5,46,54,26.0,False,0.0
Bell Pepper,Fruits & Vegetables,2024-07-21,2024-09-22,50,4.5,69,73,63.0,False,0.0
Herbal Tea,Beverages,2024-07-21,2024-12-03,59,30.0,69,82,135.0,False,0.0
Strawberries,Fruits & Vegetables,2024-07-21,2025-02-08,16,6.1,50,27,202.0,False,0.0
Bread Flour,Grains & Pulses,2024-07-22,2024-10-18,62,1.5,32,80,88.0,False,0.33707865168539325
Haddock,Seafood,2024-07-22,2024-06-15,30,9.0,99,3,0.0,True,0.0
Grapes,Fruits & Vegetables,2024-07-22,2025-01-29,13,5.5,42,18,191.0,False,0.0
White Sugar,Grains & Pulses,2024-07-23,2024-06-21,14,2.0,39,30,0.0,True,0.0
Wild Rice,Grains & Pulses,2024-07-23,2024-12-22,46,10.0,63,29,152.0,False,0.0
Black Coffee,Beverages,2024-07-23,2024-03-08,62,15.5,34,68,0.0,True,28.0
Onion,Fruits & Vegetables,2024-07-23,2024-05-24,16,2.0,22,46,0.0,True,0.0
All-Purpose Flour,Grains & Pulses,2024-07-24,2024-05-13,54,1.75,77,56,0.0,True,0.0
Vegetable Oil,Oils & Fats,2024-07-25,2024-04-19,57,2.0,89,21,0.0,True,0.0
Pomegranate,Fruits & Vegetables,2024-07-25,2024-10-10,17,6.0,37,16,77.0,False,0.0
Green Beans,Fruits & Vegetables,2024-07-25,2024-03-02,99,2.1,46,46,0.0,True,53.0
Broccoli,Fruits & Vegetables,2024-07-26,2024-06-09,40,4.0,86,12,0.0,True,0.0
Egg (Duck),Dairy,2024-07-26,2024-07-27,41,1.0,30,100,1.0,False,5.5
Tilapia,Seafood,2024-07-26,2024-07-23,14,6.8,64,17,0.0,True,0.0
Vanilla Biscuit,Bakery,2024-07-27,2024-03-04,80,5.5,63,75,0.0,True,17.0
Arabica Coffee,Beverages,2024-07-27,2024-03-20,74,20.0,100,66,0.0,True,0.0
Cauliflower,Fruits & Vegetables,2024-07-27,2024-12-22,77,2.5,64,73,148.0,False,0.087248322147651
Sweet Potato,Fruits & Vegetables,2024-07-27,2024-05-24,44,2.0,89,64,0.0,True,0.0
Mango,Fruits & Vegetables,2024-07-28,2024-03-26,92,5.0,24,75,0.0,True,68.0
Zucchini,Fruits & Vegetables,2024-07-28,2025-02-02,26,2.5,57,86,189.0,False,0.0
Almond Flour,Grains & Pulses,2024-07-28,2024-07-03,13,9.5,24,21,0.0,True,0.0
Lemon,Fruits & Vegetables,2024-07-28,2024-03-14,90,2.5,71,13,0.0,True,19.0
Sour Cream,Dairy,2024-07-28,2024-08-26,43,4.0,59,65,29.0,False,0.0
Broccoli,Fruits & Vegetables,2024-07-28,2024-07-13,85,4.0,85,44,0.0,True,0.0
Egg (Turkey),Dairy,2024-07-29,2024-09-25,44,2.5,51,67,58.0,False,0.0
Pear,Fruits & Vegetables,2024-07-29,2025-02-10,26,4.5,92,14,196.0,False,0.0
Cauliflower,Fruits & Vegetables,2024-07-29,2025-01-20,86,2.5,30,6,175.0,False,0.3181818181818182
Digestive Biscuit,Bakery,2024-07-29,2024-11-30,40,4.0,28,47,124.0,False,0.096
Grapes,Fruits & Vegetables,2024-07-30,2024-07-21,88,5.5,93,99,0.0,True,0.0
Almond Flour,Grains & Pulses,2024-07-30,2024-07-20,37,9.5,38,89,0.0,True,0.0
Peanut Oil,Oils & Fats,2024-07-30,2024-02-29,21,4.0,79,30,0.0,True,0.0
Bell Pepper,Fruits & Vegetables,2024-07-31,2024-07-07,70,4.5,23,80,0.0,True,47.0
Egg (Goose),Dairy,2024-07-31,2024-12-28,65,2.5,66,36,150.0,False,0.0
Coconut Oil,Oils & Fats,2024-07-31,2024-10-17,89,5.0,91,31,78.0,False,0.0
Olive Oil,Oils & Fats,2024-08-13,2024-03-05,47,6.0,42,51,0.0,True,5.0
Pineapple,Fruits & Vegetables,2024-08-13,2024-07-14,70,3.5,44,42,0.0,True,26.0
Pomegranate,Fruits & Vegetables,2024-08-13,2024-02-27,14,6.0,86,15,0.0,True,0.0
Short Grain Rice,Grains & Pulses,2024-08-14,2024-11-06,53,3.0,44,3,84.0,False,0.10588235294117647
Pomegranate,Fruits & Vegetables,2024-08-14,2024-10-13,65,6.0,80,26,60.0,False,0.0
Jasmine Rice,Grains & Pulses,2024-08-14,2024-12-30,98,4.75,51,23,138.0,False,0.3381294964028777
Egg (Chicken),Dairy,2024-08-14,2024-09-06,83,0.2,94,68,23.0,False,0.0
Coconut,Fruits & Vegetables,2024-08-15,2024-12-23,89,5.0,38,16,130.0,False,0.3893129770992366
Egg (Turkey),Dairy,2024-08-15,2024-10-07,23,2.4,81,8,53.0,False,0.0
Greek Yogurt,Dairy,2024-08-15,2024-06-20,39,3.0,47,59,0.0,True,0.0
Sushi Rice,Grains & Pulses,2024-08-16,2024-09-19,22,4.5,32,19,34.0,False,0.0
Peanut Oil,Oils & Fats,2024-08-16,2024-08-30,79,4.0,46,29,14.0,False,2.2
Trout,Seafood,2024-08-17,2024-09-03,49,12.0,52,62,17.0,False,0.0
Palm Oil,Oils & Fats,2024-08-17,2024-11-23,35,1.8,62,14,98.0,False,0.0
White Sugar,Grains & Pulses,2024-08-17,2024-05-23,27,2.0,57,4,0.0,True,0.0
Powdered Sugar,Grains & Pulses,2024-08-17,2024-03-09,63,2.5,40,69,0.0,True,23.0
Pear,Fruits & Vegetables,2024-08-18,2024-12-20,77,4.5,61,62,124.0,False,0.128
Bread Flour,Grains & Pulses,2024-08-18,2024-05-16,14,1.5,37,22,0.0,True,0.0
Green Tea,Beverages,2024-08-18,2024-04-29,63,8.0,93,99,0.0,True,0.0
Black Rice,Grains & Pulses,2024-08-18,2024-11-03,85,6.5,95,70,77.0,False,0.0
Tilapia,Seafood,2024-08-18,2024-03-15,59,7.0,57,50,0.0,True,2.0
Haddock,Seafood,2024-08-18,2025-01-10,79,9.0,45,95,145.0,False,0.2328767123287671
Parmesan Cheese,Dairy,2024-08-18,2024-04-06,80,12.0,100,28,0.0,True,0.0
Sweet Potato,Fruits & Vegetables,2024-08-19,2025-02-10,100,2.0,98,91,175.0,False,0.011363636363636364
Apricot,Fruits & Vegetables,2024-08-19,2024-03-02,90,5.0,76,69,0.0,True,14.0
Butter,Dairy,2024-08-20,2024-06-12,85,3.0,45,89,0.0,True,40.0
Bread Flour,Grains & Pulses,2024-08-20,2024-12-08,63,1.5,55,72,110.0,False,0.07207207207207207
Egg (Goose),Dairy,2024-08-21,2024-11-10,97,2.5,33,58,81.0,False,0.7804878048780488
White Bread,Bakery,2024-08-22,2025-01-20,56,2.5,56,73,151.0,False,0.0
Trout,Seafood,2024-08-22,2024-06-14,19,11.5,96,74,0.0,True,0.0
Sesame Oil,Oils & Fats,2024-08-22,2025-01-16,15,6.5,49,96,147.0,False,0.0
Pineapple,Fruits & Vegetables,2024-08-23,2024-09-28,18,3.5,42,32,36.0,False,0.0
Green Tea,Beverages,2024-08-23,2024-11-03,88,8.0,78,28,72.0,False,0.136986301369863
Brown Rice,Grains & Pulses,2024-08-23,2025-01-23,44,2.5,67,79,153.0,False,0.0
Green Tea,Beverages,2024-08-24,2024-04-16,80,8.5,81,37,0.0,True,0.0
Wild Rice,Grains & Pulses,2024-08-24,2024-03-21,58,10.0,75,26,0.0,True,0.0
Bread Flour,Grains & Pulses,2024-08-25,2024-10-30,57,1.5,53,94,66.0,False,0.05970149253731343
Sardines,Seafood,2024-08-25,2025-01-31,30,6.0,56,31,159.0,False,0.0
Almond Flour,Grains & Pulses,2024-08-25,2024-06-19,74,9.5,24,12,0.0,True,50.0
Swiss Cheese,Dairy,2024-08-26,2024-10-09,80,8.1,54,62,44.0,False,0.5777777777777778
Cucumber,Fruits & Vegetables,2024-08-26,2024-12-04,31,1.8,91,29,100.0,False,0.0
Strawberries,Fruits & Vegetables,2024-08-26,2024-05-21,31,5.9,46,54,0.0,True,0.0
Almond Flour,Grains & Pulses,2024-08-26,2024-10-26,75,9.5,43,77,61.0,False,0.5161290322580645
Sweet Potato,Fruits & Vegetables,2024-08-27,2024-05-08,65,2.0,71,61,0.0,True,0.0
Cauliflower,Fruits & Vegetables,2024-08-27,2024-10-28,33,2.5,90,52,62.0,False,0.0
Yogurt,Dairy,2024-08-27,2024-04-17,80,1.75,41,43,0.0,True,39.0
Egg (Turkey),Dairy,2024-08-27,2024-04-13,92,2.5,78,36,0.0,True,14.0
Basmati Rice,Grains & Pulses,2024-08-27,2024-03-14,71,4.5,60,63,0.0,True,11.0
Rice Flour,Grains & Pulses,2024-08-28,2025-02-24,52,2.0,95,88,180.0,False,0.0
Blueberries,Fruits & Vegetables,2024-08-28,2024-05-27,40,10.0,76,10,0.0,True,0.0
Peanut Oil,Oils & Fats,2024-08-29,2024-06-15,60,4.0,94,15,0.0,True,0.0
Mackerel,Seafood,2024-08-29,2024-09-04,71,7.5,52,68,6.0,False,2.714285714285714
Pineapple,Fruits & Vegetables,2024-08-30,2024-03-05,44,3.4,96,68,0.0,True,0.0
Sushi Rice,Grains & Pulses,2024-08-30,2024-03-10,19,4.3,58,23,0.0,True,0.0
Basmati Rice,Grains & Pulses,2024-08-30,2024-06-05,11,4.5,29,6,0.0,True,0.0
Pomegranate,Fruits & Vegetables,2024-08-30,2024-10-26,22,6.0,41,27,57.0,False,0.0
Orange,Fruits & Vegetables,2024-08-31,2024-04-28,15,3.0,56,12,0.0,True,0.0
Pomegranate,Fruits & Vegetables,2024-08-31,2024-08-16,52,6.0,38,81,0.0,True,14.0
Cheese,Dairy,2024-09-13,2024-12-26,100,9.0,88,52,104.0,False,0.1142857142857143
Milk,Dairy,2024-09-13,2024-11-09,18,1.0,73,38,57.0,False,0.0
Sunflower Oil,Oils & Fats,2024-09-13,2024-03-14,39,2.5,84,93,0.0,True,0.0
Black Tea,Beverages,2024-09-15,2025-01-13,46,5.0,64,96,120.0,False,0.0
Watermelon,Fruits & Vegetables,2024-09-15,2024-12-27,71,3.0,81,25,103.0,False,0.0
Whole Wheat Flour,Grains & Pulses,2024-09-15,2024-06-06,41,2.65,50,50,0.0,True,0.0
Robusta Coffee,Beverages,2024-09-15,2024-10-22,59,10.0,48,51,37.0,False,0.2894736842105263
Salmon,Seafood,2024-09-15,2024-11-29,73,15.0,89,92,75.0,False,0.0
Salmon,Seafood,2024-09-16,2024-08-14,49,15.0,96,37,0.0,True,0.0
Cabbage,Fruits & Vegetables,2024-09-16,2024-10-24,83,1.0,35,7,38.0,False,1.2307692307692308
Banana,Fruits & Vegetables,2024-09-17,2025-02-02,56,98.43,35,16,138.0,False,0.1510791366906475
Peas,Fruits & Vegetables,2024-09-18,2024-06-30,48,3.0,51,41,0.0,True,0.0
Powdered Sugar,Grains & Pulses,2024-09-18,2024-06-01,66,2.4,30,49,0.0,True,36.0
Rice Flour,Grains & Pulses,2024-09-19,2024-09-25,42,2.0,35,22,6.0,False,1.0
Black Rice,Grains & Pulses,2024-09-19,2024-03-13,49,6.25,75,46,0.0,True,0.0
Tilapia,Seafood,2024-09-19,2024-06-17,46,7.0,62,22,0.0,True,0.0
Arborio Rice,Grains & Pulses,2024-09-21,2025-02-15,20,4.5,50,83,147.0,False,0.0
Cream,Dairy,2024-09-21,2024-09-15,29,2.5,64,85,0.0,True,0.0
Cream,Dairy,2024-09-21,2024-12-08,62,2.5,41,77,78.0,False,0.26582278481012656
Tilapia,Seafood,2024-09-21,2024-05-18,100,7.0,85,79,0.0,True,15.0
Powdered Sugar,Grains & Pulses,2024-09-22,2024-07-09,28,2.5,82,5,0.0,True,0.0
Long Grain Rice,Grains & Pulses,2024-09-23,2024-03-30,26,1.5,76,88,0.0,True,0.0
Carrot,Fruits & Vegetables,2024-09-23,2024-04-09,67,1.5,67,82,0.0,True,0.0
Blueberries,Fruits & Vegetables,2024-09-23,2024-12-20,53,10.0,55,51,88.0,False,0.0
Peanut Oil,Oils & Fats,2024-09-23,2024-11-27,49,4.0,45,96,65.0,False,0.06060606060606061
Yogurt,Dairy,2024-09-23,2024-05-23,63,1.7,56,31,0.0,True,7.0
Broccoli,Fruits & Vegetables,2024-09-24,2024-05-11,73,4.0,47,67,0.0,True,26.0
Tuna,Seafood,2024-09-24,2024-10-15,89,18.0,76,96,21.0,False,0.5909090909090909
Strawberries,Fruits & Vegetables,2024-09-25,2024-06-12,26,6.0,94,58,0.0,True,0.0
Avocado Oil,Oils & Fats,2024-09-26,2024-06-04,50,10.0,27,6,0.0,True,23.0
Haddock,Seafood,2024-09-26,2024-03-08,43,9.0,66,71,0.0,True,0.0
Feta Cheese,Dairy,2024-09-27,2025-02-06,97,7.0,95,28,132.0,False,0.015037593984962405
Trout,Seafood,2024-09-27,2024-06-27,98,12.0,62,47,0.0,True,36.0
Parmesan Cheese,Dairy,2024-09-27,2024-07-28,52,12.0,31,69,0.0,True,21.0
Raw Sugar,Grains & Pulses,2024-09-29,2024-11-17,72,1.5,39,78,49.0,False,0.66
Cabbage,Fruits & Vegetables,2024-09-29,2024-07-02,24,1.0,55,72,0.0,True,0.0
Green Beans,Fruits & Vegetables,2024-09-30,2024-04-25,81,2.0,20,85,0.0,True,61.0
Strawberries,Fruits & Vegetables,2024-09-30,2024-06-21,94,6.0,40,84,0.0,True,54.0
